[
    {
        "line": 7,
        "original_sentence": "i purchased this (1: item) 7 months ago and i love it .",
        "original_tuples": "[['item', 'LAPTOP#GENERAL', 'positive']]\n",
        "translated_sentence": "ich habe dies (1 Artikel) vor 7 Monaten gekauft und ich liebe es.",
        "updated_tuples": "['item', 'LAPTOP#GENERAL', 'positive']"
    },
    {
        "line": 10,
        "original_sentence": "edit : just shy of owning 2 for 9 months now and both are experiencing (1: touch screen) failure problems .",
        "original_tuples": "[['touch screen', 'DISPLAY#OPERATION_PERFORMANCE', 'negative']]\n",
        "translated_sentence": "Bearbeiten: Ich besitze jetzt seit knapp 9 Monaten zwei und beide haben Probleme mit dem Touchscreen.",
        "updated_tuples": "['touch screen', 'DISPLAY#OPERATION_PERFORMANCE', 'negative']"
    },
    {
        "line": 100,
        "original_sentence": "lo and behold , i hadn ' t read quite all of the 1 * reviews : the worst was a teacher who had ordered so many for her several classes and said ` ` i think the problem is with the (1: motherboard) .",
        "original_tuples": "[['motherboard', 'MOTHERBOARD#QUALITY', 'negative']]\n",
        "translated_sentence": "und siehe da , ich hatte nicht ganz alle 1 * Bewertungen gelesen : die schlimmste war die einer Lehrerin , die so viele für ihre mehreren Klassen bestellt hatte und sagte : \" ich glaube , das Problem liegt am ( 1: Motherboard ) .",
        "updated_tuples": "['motherboard', 'MOTHERBOARD#QUALITY', 'negative']"
    },
    {
        "line": 102,
        "original_sentence": "* battery - i can not really speak to the (2: battery life) yet , but as a power user with lots of tabs and several apps open , it is giving me a days use 5 + hours of use so far .",
        "original_tuples": "[['NULL', 'BATTERY#OPERATION_PERFORMANCE', 'positive'], ['battery life', 'BATTERY#OPERATION_PERFORMANCE', 'positive']]\n",
        "translated_sentence": "* Akku – zur Akkulaufzeit (2) kann ich noch nicht wirklich etwas sagen, aber als Power-User mit vielen Tabs und mehreren geöffneten Apps habe ich bisher eine Laufzeit von über 5 Stunden pro Tag.",
        "updated_tuples": "['NULL', 'BATTERY#OPERATION_PERFORMANCE', 'positive'], ['battery life', 'BATTERY#OPERATION_PERFORMANCE', 'positive']"
    },
    {
        "line": 105,
        "original_sentence": "overall , i ' m very happy i chose this (1: model) .",
        "original_tuples": "[['model', 'LAPTOP#GENERAL', 'positive']]\n",
        "translated_sentence": "insgesamt bin ich sehr zufrieden, dass ich mich für dieses (Modell 1) entschieden habe.",
        "updated_tuples": "['model', 'LAPTOP#GENERAL', 'positive']"
    },
    {
        "line": 115,
        "original_sentence": "the reason for a 4 star rating is due to the provided (1: power cord) failing to charge within two months .",
        "original_tuples": "[['power cord', 'POWER_SUPPLY#OPERATION_PERFORMANCE', 'negative']]\n",
        "translated_sentence": "der Grund für die Bewertung mit 4 Sternen liegt darin, dass das mitgelieferte Netzkabel (1) innerhalb von zwei Monaten nicht aufgeladen werden konnte.",
        "updated_tuples": "['power cord', 'POWER_SUPPLY#OPERATION_PERFORMANCE', 'negative']"
    },
    {
        "line": 154,
        "original_sentence": "absolutly horrible (1: product) , cheap (2: components) make for unreliable (1: product)s , but when the nearest (4: service location) is 50 + miles away i wonder how much (5: apple) truly cares ?",
        "original_tuples": "[['product', 'LAPTOP#GENERAL', 'negative'], ['components', 'LAPTOP#PRICE', 'negative'], ['products', 'LAPTOP#QUALITY', 'negative'], ['service location', 'SUPPORT#GENERAL', 'negative'], ['apple', 'COMPANY#GENERAL', 'negative']]\n",
        "translated_sentence": "absolut schreckliches Produkt, billige Komponenten führen zu unzuverlässigen (1: Produkten), aber wenn der nächste Service-Standort über 50 Meilen entfernt ist, frage ich mich, wie sehr Apple sich wirklich darum schert?",
        "updated_tuples": "['Produkt', 'LAPTOP#GENERAL', 'negative'], ['Komponenten', 'LAPTOP#PRICE', 'negative'], ['products', 'LAPTOP#QUALITY', 'negative'], ['Service-Standort', 'SUPPORT#GENERAL', 'negative'], ['Apple', 'COMPANY#GENERAL', 'negative']"
    },
    {
        "line": 252,
        "original_sentence": "(1: samsung ' s warranty) process was not working properly for this device .",
        "original_tuples": "[[\"samsung ' s warranty\", 'WARRANTY#GENERAL', 'negative']]\n",
        "translated_sentence": "(1: Der Garantievorgang von Samsung funktionierte bei diesem Gerät nicht ordnungsgemäß.",
        "updated_tuples": "['samsung ' s warranty', 'WARRANTY#GENERAL', 'negative']"
    },
    {
        "line": 265,
        "original_sentence": "the small (1: battery capacity) is the number one reason i would not buy this product and would recommend with that caveat being disclosed .",
        "original_tuples": "[['battery capacity', 'BATTERY#QUALITY', 'negative']]\n",
        "translated_sentence": "die geringe Akkukapazität ist der Hauptgrund, warum ich dieses Produkt nicht kaufen würde, aber ich würde es unter Vorbehalt empfehlen.",
        "updated_tuples": "['battery capacity', 'BATTERY#QUALITY', 'negative']"
    },
    {
        "line": 288,
        "original_sentence": "i got a replacement (1: unit) and it had the same issue .",
        "original_tuples": "[['unit', 'LAPTOP#OPERATION_PERFORMANCE', 'negative']]\n",
        "translated_sentence": "ich habe ein Ersatzgerät (1 Einheit) bekommen und es hatte das gleiche Problem.",
        "updated_tuples": "['unit', 'LAPTOP#OPERATION_PERFORMANCE', 'negative']"
    },
    {
        "line": 314,
        "original_sentence": "i ' m running it at 2500x1400 (2: resolution) extremely thin and lightweight .",
        "original_tuples": "[['resolution', 'DISPLAY#DESIGN_FEATURES', 'positive'], ['resolution', 'DISPLAY#DESIGN_FEATURES', 'positive']]\n",
        "translated_sentence": "ich lasse es mit 2500 x 1400 (Auflösung 2:1) laufen, es ist extrem dünn und leicht.",
        "updated_tuples": "['resolution', 'DISPLAY#DESIGN_FEATURES', 'positive'], ['resolution', 'DISPLAY#DESIGN_FEATURES', 'positive']"
    },
    {
        "line": 382,
        "original_sentence": "for the price , it ' s a solid (1: laptop) .",
        "original_tuples": "[['laptop', 'LAPTOP#PRICE', 'positive']]\n",
        "translated_sentence": "für den preis ist es ein solides ( 1: laptop ) .",
        "updated_tuples": "['laptop', 'LAPTOP#PRICE', 'positive']"
    },
    {
        "line": 507,
        "original_sentence": "maybe i just got a lemon , but i decided to return this (1: product) after having it for less than two hours .",
        "original_tuples": "[['product', 'LAPTOP#GENERAL', 'negative']]\n",
        "translated_sentence": "vielleicht habe ich einfach einen Reinfall erlebt, aber ich habe mich dazu entschlossen, dieses (Produkt 1) zurückzugeben, nachdem ich es weniger als zwei Stunden hatte.",
        "updated_tuples": "['product', 'LAPTOP#GENERAL', 'negative']"
    },
    {
        "line": 634,
        "original_sentence": "at the time of this posting , this (1: model) was going only for 1800 for the 512gb with a dedicated video card .",
        "original_tuples": "[['model', 'LAPTOP#GENERAL', 'positive']]\n",
        "translated_sentence": "zum Zeitpunkt dieser Veröffentlichung war dieses (Modell 1) nur für 1800 für die 512 GB mit einer dedizierten Grafikkarte erhältlich.",
        "updated_tuples": "['model', 'LAPTOP#GENERAL', 'positive']"
    },
    {
        "line": 731,
        "original_sentence": "the (1: trackpad) is awful as are most acer (1: trackpad)s .",
        "original_tuples": "[['trackpad', 'HARDWARE#OPERATION_PERFORMANCE', 'negative'], ['acer trackpads', 'HARDWARE#OPERATION_PERFORMANCE', 'negative']]\n",
        "translated_sentence": "das Trackpad ist schrecklich, wie die meisten (1: Trackpads) von Acer.",
        "updated_tuples": "['Trackpad', 'HARDWARE#OPERATION_PERFORMANCE', 'negative'], ['acer trackpads', 'HARDWARE#OPERATION_PERFORMANCE', 'negative']"
    },
    {
        "line": 885,
        "original_sentence": "overall , i ' m not very pleased with this (1: computer) .",
        "original_tuples": "[['computer', 'LAPTOP#GENERAL', 'negative']]\n",
        "translated_sentence": "insgesamt bin ich damit nicht sehr zufrieden ( 1: computer ) .",
        "updated_tuples": "['computer', 'LAPTOP#GENERAL', 'negative']"
    },
    {
        "line": 1083,
        "original_sentence": "note : i bought a refurbished / ` ` damaged ` ` (1: model) from amazon and it ' s in absolutely flawless condition .",
        "original_tuples": "[['model', 'LAPTOP#GENERAL', 'positive']]\n",
        "translated_sentence": "Hinweis: Ich habe bei Amazon ein generalüberholtes/„beschädigtes“ Modell (Modell 1) gekauft und es ist in absolut einwandfreiem Zustand.",
        "updated_tuples": "['model', 'LAPTOP#GENERAL', 'positive']"
    },
    {
        "line": 1211,
        "original_sentence": "works great as a (1: chromebook) but (1: chromebook)s are still very limited for android compatibility , at least this one is .",
        "original_tuples": "[['chromebook', 'LAPTOP#OPERATION_PERFORMANCE', 'positive'], ['chromebooks', 'LAPTOP#USABILITY', 'negative']]\n",
        "translated_sentence": "funktioniert großartig als Chromebook, aber (1: Chromebooks) sind immer noch sehr eingeschränkt in Bezug auf die Android-Kompatibilität, zumindest bei diesem.",
        "updated_tuples": "['Chromebook', 'LAPTOP#OPERATION_PERFORMANCE', 'positive'], ['chromebooks', 'LAPTOP#USABILITY', 'negative']"
    },
    {
        "line": 1241,
        "original_sentence": "the (2: keyboard) makes it easy to type notes quickly and write papers , and the backlit (2: keyboard) is a major plus .",
        "original_tuples": "[['keyboard', 'KEYBOARD#USABILITY', 'positive'], ['keyboard', 'KEYBOARD#USABILITY', 'positive'], ['backlit keyboard', 'KEYBOARD#DESIGN_FEATURES', 'positive']]\n",
        "translated_sentence": "Die Tastatur erleichtert das schnelle Eintippen von Notizen und Schreiben von Dokumenten, und die Hintergrundbeleuchtung der Tastatur ist ein großes Plus.",
        "updated_tuples": "['Tastatur', 'KEYBOARD#USABILITY', 'positive'], ['Tastatur', 'KEYBOARD#USABILITY', 'positive'], ['backlit keyboard', 'KEYBOARD#DESIGN_FEATURES', 'positive']"
    }
]