[
    {
        "line": 7,
        "original_sentence": "i purchased this (1: item) 7 months ago and i love it .",
        "original_tuples": "[['item', 'LAPTOP#GENERAL', 'positive']]\n",
        "translated_sentence": "我 7 个月前购买了这个（1 件商品），我很喜欢它。",
        "updated_tuples": "['item', 'LAPTOP#GENERAL', 'positive']"
    },
    {
        "line": 154,
        "original_sentence": "absolutly horrible (1: product) , cheap (2: components) make for unreliable (1: product)s , but when the nearest (4: service location) is 50 + miles away i wonder how much (5: apple) truly cares ?",
        "original_tuples": "[['product', 'LAPTOP#GENERAL', 'negative'], ['components', 'LAPTOP#PRICE', 'negative'], ['products', 'LAPTOP#QUALITY', 'negative'], ['service location', 'SUPPORT#GENERAL', 'negative'], ['apple', 'COMPANY#GENERAL', 'negative']]\n",
        "translated_sentence": "绝对糟糕产品，廉价组件导致不可靠产品，但是当最近的服务地点距离 50 多英里时，我想知道苹果真正关心多少？",
        "updated_tuples": "['产品', 'LAPTOP#GENERAL', 'negative'], ['组件', 'LAPTOP#PRICE', 'negative'], ['products', 'LAPTOP#QUALITY', 'negative'], ['服务地点', 'SUPPORT#GENERAL', 'negative'], ['苹果', 'COMPANY#GENERAL', 'negative']"
    },
    {
        "line": 288,
        "original_sentence": "i got a replacement (1: unit) and it had the same issue .",
        "original_tuples": "[['unit', 'LAPTOP#OPERATION_PERFORMANCE', 'negative']]\n",
        "translated_sentence": "我得到了一个替代品（1 个单位），但问题仍然相同。",
        "updated_tuples": "['unit', 'LAPTOP#OPERATION_PERFORMANCE', 'negative']"
    },
    {
        "line": 331,
        "original_sentence": "fast (1: shipping) too !",
        "original_tuples": "[['shipping', 'SHIPPING#QUALITY', 'positive']]\n",
        "translated_sentence": "运送速度也很快！",
        "updated_tuples": "['shipping', 'SHIPPING#QUALITY', 'positive']"
    },
    {
        "line": 368,
        "original_sentence": "for $ 250 i can control my $ 3000 (1: pc) anywhere .",
        "original_tuples": "[['pc', 'LAPTOP#PORTABILITY', 'positive']]\n",
        "translated_sentence": "只需花费 250 美元，我便可以在任何地方控制我的 3000 美元（1 台电脑）。",
        "updated_tuples": "['pc', 'LAPTOP#PORTABILITY', 'positive']"
    },
    {
        "line": 373,
        "original_sentence": "their (1: designs) are made for phones and on this huge screen , they are palpitated .",
        "original_tuples": "[['designs', 'SOFTWARE#DESIGN_FEATURES', 'negative']]\n",
        "translated_sentence": "他们的设计是为手机而设计的，在这个巨大的屏幕上，他们心潮澎湃。",
        "updated_tuples": "['designs', 'SOFTWARE#DESIGN_FEATURES', 'negative']"
    },
    {
        "line": 470,
        "original_sentence": "one of the two (2: usb ports) is defective , which is an enormous pain .",
        "original_tuples": "[['usb ports', 'PORTS#OPERATION_PERFORMANCE', 'negative'], ['usb ports', 'PORTS#OPERATION_PERFORMANCE', 'negative']]\n",
        "translated_sentence": "两个（2 个 USB 端口）中有一个有缺陷，这真是太麻烦了。",
        "updated_tuples": "['usb ports', 'PORTS#OPERATION_PERFORMANCE', 'negative'], ['usb ports', 'PORTS#OPERATION_PERFORMANCE', 'negative']"
    },
    {
        "line": 624,
        "original_sentence": "the (1: computer) runs great .",
        "original_tuples": "[['computer', 'LAPTOP#OPERATION_PERFORMANCE', 'positive']]\n",
        "translated_sentence": "这台计算机运行良好。",
        "updated_tuples": "['computer', 'LAPTOP#OPERATION_PERFORMANCE', 'positive']"
    },
    {
        "line": 731,
        "original_sentence": "the (1: trackpad) is awful as are most acer (1: trackpad)s .",
        "original_tuples": "[['trackpad', 'HARDWARE#OPERATION_PERFORMANCE', 'negative'], ['acer trackpads', 'HARDWARE#OPERATION_PERFORMANCE', 'negative']]\n",
        "translated_sentence": "触控板 和大多数宏碁 触控板 一样糟糕。",
        "updated_tuples": "['触控板', 'HARDWARE#OPERATION_PERFORMANCE', 'negative'], ['acer trackpads', 'HARDWARE#OPERATION_PERFORMANCE', 'negative']"
    },
    {
        "line": 754,
        "original_sentence": "i am beyond impressed with this little (1: machine) , i would absolutly buy this again !",
        "original_tuples": "[['machine', 'LAPTOP#GENERAL', 'positive']]\n",
        "translated_sentence": "我对这台小机器印象深刻，我绝对会再次购买它！",
        "updated_tuples": "['machine', 'LAPTOP#GENERAL', 'positive']"
    },
    {
        "line": 771,
        "original_sentence": "i have had three (1: macbook pro ' s) and all have been excellent .",
        "original_tuples": "[[\"macbook pro ' s\", 'LAPTOP#GENERAL', 'positive']]\n",
        "translated_sentence": "我已经拥有三台 (1 台 macbook pro) 并且它们都非常棒。",
        "updated_tuples": "['macbook pro ' s', 'LAPTOP#GENERAL', 'positive']"
    },
    {
        "line": 913,
        "original_sentence": "great little (1: machine) while it was functioning 100 % .",
        "original_tuples": "[['machine', 'LAPTOP#GENERAL', 'positive']]\n",
        "translated_sentence": "当它 100％ 运转时，它是一个很棒的小机器。",
        "updated_tuples": "['machine', 'LAPTOP#GENERAL', 'positive']"
    },
    {
        "line": 926,
        "original_sentence": "this little (2: computer) is very fast and does a great job .",
        "original_tuples": "[['computer', 'LAPTOP#OPERATION_PERFORMANCE', 'positive'], ['computer', 'LAPTOP#OPERATION_PERFORMANCE', 'positive']]\n",
        "translated_sentence": "这台小电脑运行速度非常快，而且性能非常好。",
        "updated_tuples": "['computer', 'LAPTOP#OPERATION_PERFORMANCE', 'positive'], ['computer', 'LAPTOP#OPERATION_PERFORMANCE', 'positive']"
    },
    {
        "line": 982,
        "original_sentence": "i am able to write , look up facts on the internet , and it has a pretty good (1: battery life) .",
        "original_tuples": "[['battery life', 'BATTERY#GENERAL', 'positive']]\n",
        "translated_sentence": "我可以写作、在互联网上查找事实，并且它的电池寿命也相当不错。",
        "updated_tuples": "['battery life', 'BATTERY#GENERAL', 'positive']"
    },
    {
        "line": 1046,
        "original_sentence": "if you want to watch movies or listen to music , this might not be the (1: machine) for you .",
        "original_tuples": "[['machine', 'LAPTOP#OPERATION_PERFORMANCE', 'negative']]\n",
        "translated_sentence": "如果您想看电影或听音乐，这可能不适合您。",
        "updated_tuples": "['machine', 'LAPTOP#OPERATION_PERFORMANCE', 'negative']"
    },
    {
        "line": 1050,
        "original_sentence": "the (2: machine) is easy to use , snappy , and everything the reviewers say .",
        "original_tuples": "[['machine', 'LAPTOP#USABILITY', 'positive'], ['machine', 'LAPTOP#USABILITY', 'positive']]\n",
        "translated_sentence": "该机器使用方便，反应灵敏，完全符合评论家的评价。",
        "updated_tuples": "['machine', 'LAPTOP#USABILITY', 'positive'], ['machine', 'LAPTOP#USABILITY', 'positive']"
    },
    {
        "line": 1211,
        "original_sentence": "works great as a (1: chromebook) but (1: chromebook)s are still very limited for android compatibility , at least this one is .",
        "original_tuples": "[['chromebook', 'LAPTOP#OPERATION_PERFORMANCE', 'positive'], ['chromebooks', 'LAPTOP#USABILITY', 'negative']]\n",
        "translated_sentence": "作为 chromebook 来说效果很好，但是 chromebook 与 Android 的兼容性仍然非常有限，至少这一款是这样的。",
        "updated_tuples": "['chromebook', 'LAPTOP#OPERATION_PERFORMANCE', 'positive'], ['chromebooks', 'LAPTOP#USABILITY', 'negative']"
    },
    {
        "line": 1241,
        "original_sentence": "the (2: keyboard) makes it easy to type notes quickly and write papers , and the backlit (2: keyboard) is a major plus .",
        "original_tuples": "[['keyboard', 'KEYBOARD#USABILITY', 'positive'], ['keyboard', 'KEYBOARD#USABILITY', 'positive'], ['backlit keyboard', 'KEYBOARD#DESIGN_FEATURES', 'positive']]\n",
        "translated_sentence": "键盘 可以轻松快速地输入笔记和撰写论文，并且背光（2：键盘）是一个很大的优点。",
        "updated_tuples": "['键盘', 'KEYBOARD#USABILITY', 'positive'], ['键盘', 'KEYBOARD#USABILITY', 'positive'], ['backlit keyboard', 'KEYBOARD#DESIGN_FEATURES', 'positive']"
    }
]