[
    {
        "line": 33,
        "original_sentence": "pros : nice size , clear (2: screen) , quick on start up , very functional and easy to use .",
        "original_tuples": "[['NULL', 'LAPTOP#DESIGN_FEATURES', 'positive'], ['screen', 'DISPLAY#GENERAL', 'positive'], ['NULL', 'LAPTOP#OPERATION_PERFORMANCE', 'positive'], ['NULL', 'LAPTOP#USABILITY', 'positive']]\n",
        "translated_sentence": "장점: 크기가 적당하고, 화면이 선명하고, 시작이 빠르고, 기능이 매우 뛰어나고 사용하기 쉽습니다.",
        "updated_tuples": "['NULL', 'LAPTOP#DESIGN_FEATURES', 'positive'], ['screen', 'DISPLAY#GENERAL', 'positive'], ['NULL', 'LAPTOP#OPERATION_PERFORMANCE', 'positive'], ['NULL', 'LAPTOP#USABILITY', 'positive']"
    },
    {
        "line": 92,
        "original_sentence": "i was a bit apprehensive at first will ordering such an expensive (2: item) online , but it was delivered in perfect new condition .",
        "original_tuples": "[['item', 'LAPTOP#PRICE', 'negative'], ['item', 'SHIPPING#QUALITY', 'negative']]\n",
        "translated_sentence": "처음에는 이렇게 비싼 (2개) 제품을 온라인에서 주문하는 게 좀 불안했어요. 하지만 새 제품처럼 완벽한 상태로 배송됐어요.",
        "updated_tuples": "['item', 'LAPTOP#PRICE', 'negative'], ['item', 'SHIPPING#QUALITY', 'negative']"
    },
    {
        "line": 154,
        "original_sentence": "absolutly horrible (1: product) , cheap (2: components) make for unreliable (1: product)s , but when the nearest (4: service location) is 50 + miles away i wonder how much (5: apple) truly cares ?",
        "original_tuples": "[['product', 'LAPTOP#GENERAL', 'negative'], ['components', 'LAPTOP#PRICE', 'negative'], ['products', 'LAPTOP#QUALITY', 'negative'], ['service location', 'SUPPORT#GENERAL', 'negative'], ['apple', 'COMPANY#GENERAL', 'negative']]\n",
        "translated_sentence": "완전 끔찍한 제품, 싸구려 구성 요소는 신뢰할 수 없는 제품이지만 가장 가까운 서비스 위치가 50마일 이상 떨어져 있을 때 애플이 실제로 얼마나 신경 쓰는지 궁금합니다.",
        "updated_tuples": "['제품', 'LAPTOP#GENERAL', 'negative'], ['구성 요소', 'LAPTOP#PRICE', 'negative'], ['products', 'LAPTOP#QUALITY', 'negative'], ['서비스 위치', 'SUPPORT#GENERAL', 'negative'], ['애플', 'COMPANY#GENERAL', 'negative']"
    },
    {
        "line": 194,
        "original_sentence": "i purchased this (1: machine) on cyber monday for $ 375 ( $ 75 off the listing price at the time of this review ) and i think at that price point , it ' s well worth it .",
        "original_tuples": "[['machine', 'LAPTOP#QUALITY', 'positive']]\n",
        "translated_sentence": "저는 이 제품(1대)을 사이버 먼데이에 375달러에 구매했습니다(이 리뷰를 쓸 당시 정가에서 75달러 할인). 그 가격대를 고려하면 충분히 가치가 있다고 생각합니다.",
        "updated_tuples": "['machine', 'LAPTOP#QUALITY', 'positive']"
    },
    {
        "line": 274,
        "original_sentence": "this by far has been the easiest to (1: set up) and use .",
        "original_tuples": "[['set up', 'LAPTOP#USABILITY', 'positive']]\n",
        "translated_sentence": "지금까지 이 방법이 가장 쉽게 설정 및 사용이 가능했습니다.",
        "updated_tuples": "['set up', 'LAPTOP#USABILITY', 'positive']"
    },
    {
        "line": 288,
        "original_sentence": "i got a replacement (1: unit) and it had the same issue .",
        "original_tuples": "[['unit', 'LAPTOP#OPERATION_PERFORMANCE', 'negative']]\n",
        "translated_sentence": "교체품(1개)을 받았는데 똑같은 문제가 있었어요.",
        "updated_tuples": "['unit', 'LAPTOP#OPERATION_PERFORMANCE', 'negative']"
    },
    {
        "line": 329,
        "original_sentence": "the (2: speakers) get plenty loud , but they start to sound pretty bad when turned up a little past half volume .",
        "original_tuples": "[['speakers', 'MULTIMEDIA_DEVICES#OPERATION_PERFORMANCE', 'positive'], ['speakers', 'MULTIMEDIA_DEVICES#OPERATION_PERFORMANCE', 'negative']]\n",
        "translated_sentence": "(2개 스피커)는 상당히 큰 소리를 내지만, 볼륨을 절반 이상 높이면 소리가 꽤 나빠지기 시작합니다.",
        "updated_tuples": "['speakers', 'MULTIMEDIA_DEVICES#OPERATION_PERFORMANCE', 'positive'], ['speakers', 'MULTIMEDIA_DEVICES#OPERATION_PERFORMANCE', 'negative']"
    },
    {
        "line": 368,
        "original_sentence": "for $ 250 i can control my $ 3000 (1: pc) anywhere .",
        "original_tuples": "[['pc', 'LAPTOP#PORTABILITY', 'positive']]\n",
        "translated_sentence": "250달러면 3000달러(1대)를 어디서나 제어할 수 있습니다.",
        "updated_tuples": "['pc', 'LAPTOP#PORTABILITY', 'positive']"
    },
    {
        "line": 393,
        "original_sentence": "have not tried customer service so no comment , but this is a nice sub $ 400 (1: machine) .",
        "original_tuples": "[['machine', 'LAPTOP#PRICE', 'positive']]\n",
        "translated_sentence": "고객 서비스를 이용해보지 않았으므로 말씀드릴 수 없지만, 400달러 이하(1대)에 괜찮은 제품인 듯합니다.",
        "updated_tuples": "['machine', 'LAPTOP#PRICE', 'positive']"
    },
    {
        "line": 423,
        "original_sentence": "i give it 4 stars because i believe that these (1: devices) are perfect for adults who just want to surf the internet or watch netflix .",
        "original_tuples": "[['devices', 'LAPTOP#GENERAL', 'positive']]\n",
        "translated_sentence": "저는 이 기기가 인터넷 서핑이나 넷플릭스 시청만 하고 싶어하는 성인들에게 완벽하다고 생각해서 4점을 주었습니다.",
        "updated_tuples": "['devices', 'LAPTOP#GENERAL', 'positive']"
    },
    {
        "line": 454,
        "original_sentence": "i loved the simplicity of chrome os while enjoying the (1: flip) aspect of being able to turn it into a reading tablet when i wanted to as well .",
        "original_tuples": "[['flip', 'LAPTOP#DESIGN_FEATURES', 'positive']]\n",
        "translated_sentence": "저는 크롬 OS의 단순함을 좋아했고, 원할 때는 독서용 태블릿으로 바꿀 수 있는 기능도 즐겼습니다.",
        "updated_tuples": "['flip', 'LAPTOP#DESIGN_FEATURES', 'positive']"
    },
    {
        "line": 470,
        "original_sentence": "one of the two (2: usb ports) is defective , which is an enormous pain .",
        "original_tuples": "[['usb ports', 'PORTS#OPERATION_PERFORMANCE', 'negative'], ['usb ports', 'PORTS#OPERATION_PERFORMANCE', 'negative']]\n",
        "translated_sentence": "두 개 중 하나(2개: USB 포트)가 결함이 있어서 정말 짜증납니다.",
        "updated_tuples": "['usb ports', 'PORTS#OPERATION_PERFORMANCE', 'negative'], ['usb ports', 'PORTS#OPERATION_PERFORMANCE', 'negative']"
    },
    {
        "line": 513,
        "original_sentence": "its a good (1: computer) for the price but it needs to work awhile without crashing within 6 months .",
        "original_tuples": "[['computer', 'LAPTOP#PRICE', 'positive']]\n",
        "translated_sentence": "가격대비 좋은 컴퓨터입니다. 하지만 6개월 안에 고장없이 제대로 작동해야 합니다.",
        "updated_tuples": "['computer', 'LAPTOP#PRICE', 'positive']"
    },
    {
        "line": 594,
        "original_sentence": "( * cough ' quizlet ' cough * ) i use this hooked up to my mobile hotspot from my cell phone mainly , and (1: it) allows me access anywhere i have cell service .",
        "original_tuples": "[['it', 'LAPTOP#CONNECTIVITY', 'positive']]\n",
        "translated_sentence": "( * 기침 '퀴즐릿 ' 기침 * ) 저는 주로 휴대폰에서 모바일 핫스팟에 연결해서 사용하는데, (1: 이걸 사용하면 휴대폰 서비스가 있는 곳이면 어디서나 접속할 수 있어요.",
        "updated_tuples": "['it', 'LAPTOP#CONNECTIVITY', 'positive']"
    },
    {
        "line": 721,
        "original_sentence": "i bought this (1: computer) a bit over two months ago for my son ' s college and after installing the windows update , it crashed !",
        "original_tuples": "[['computer', 'LAPTOP#OPERATION_PERFORMANCE', 'negative']]\n",
        "translated_sentence": "저는 두 달 전쯤에 아들의 대학 등록금을 위해 이 컴퓨터(1)를 구매했는데, 윈도우 업데이트를 설치한 후에 갑자기 작동이 중단됐습니다!",
        "updated_tuples": "['computer', 'LAPTOP#OPERATION_PERFORMANCE', 'negative']"
    },
    {
        "line": 731,
        "original_sentence": "the (1: trackpad) is awful as are most acer (1: trackpad)s .",
        "original_tuples": "[['trackpad', 'HARDWARE#OPERATION_PERFORMANCE', 'negative'], ['acer trackpads', 'HARDWARE#OPERATION_PERFORMANCE', 'negative']]\n",
        "translated_sentence": "트랙패드는 대부분의 에이서 트랙패드와 마찬가지로 끔찍합니다.",
        "updated_tuples": "['트랙패드', 'HARDWARE#OPERATION_PERFORMANCE', 'negative'], ['acer trackpads', 'HARDWARE#OPERATION_PERFORMANCE', 'negative']"
    },
    {
        "line": 943,
        "original_sentence": "this is the worst (1: computer) i have ever owned .",
        "original_tuples": "[['computer', 'LAPTOP#GENERAL', 'negative']]\n",
        "translated_sentence": "이건 내가 지금까지 소유했던 컴퓨터 중 최악이야.",
        "updated_tuples": "['computer', 'LAPTOP#GENERAL', 'negative']"
    },
    {
        "line": 953,
        "original_sentence": "i had this (1: laptop) repaired within the first 6 months of owning it .",
        "original_tuples": "[['laptop', 'LAPTOP#GENERAL', 'negative']]\n",
        "translated_sentence": "저는 이 노트북을 구입한 지 6개월 안에 수리했습니다.",
        "updated_tuples": "['laptop', 'LAPTOP#GENERAL', 'negative']"
    },
    {
        "line": 963,
        "original_sentence": "the only real complain is the same one everyone else has with this model and that is the (1: battery life) could be better .",
        "original_tuples": "[['battery life', 'BATTERY#OPERATION_PERFORMANCE', 'negative']]\n",
        "translated_sentence": "이 모델에 대한 유일한 실제 불만은 다른 모든 사람들과 마찬가지로 배터리 수명이 더 좋아질 수 있다는 것입니다.",
        "updated_tuples": "['battery life', 'BATTERY#OPERATION_PERFORMANCE', 'negative']"
    },
    {
        "line": 982,
        "original_sentence": "i am able to write , look up facts on the internet , and it has a pretty good (1: battery life) .",
        "original_tuples": "[['battery life', 'BATTERY#GENERAL', 'positive']]\n",
        "translated_sentence": "글을 쓸 수 있고, 인터넷에서 정보를 검색할 수 있으며, 배터리 수명도 꽤 좋습니다.",
        "updated_tuples": "['battery life', 'BATTERY#GENERAL', 'positive']"
    },
    {
        "line": 986,
        "original_sentence": "it travels well , great (2: battery life) , and is powerful enough for 100 % of the tasks i need to do ( web , streaming , word processing , reports , email ) .",
        "original_tuples": "[['NULL', 'LAPTOP#OPERATION_PERFORMANCE', 'positive'], ['battery life', 'BATTERY#OPERATION_PERFORMANCE', 'positive']]\n",
        "translated_sentence": "여행하기 편리하고, 배터리 수명도 길고, 제가 해야 할 작업(웹, 스트리밍, 워드 프로세싱, 보고서, 이메일)의 100%를 처리할 만큼 성능이 좋습니다.",
        "updated_tuples": "['NULL', 'LAPTOP#OPERATION_PERFORMANCE', 'positive'], ['battery life', 'BATTERY#OPERATION_PERFORMANCE', 'positive']"
    },
    {
        "line": 1056,
        "original_sentence": "the (1: usb - c ports) are nice and i found that a completely dead battery to fully (2: charged time) was about an hour .",
        "original_tuples": "[['usb - c ports', 'PORTS#GENERAL', 'positive'], ['charged time', 'POWER_SUPPLY#OPERATION_PERFORMANCE', 'positive']]\n",
        "translated_sentence": "USB-C 포트는 좋았고 배터리가 완전히 방전된 상태에서 완전히 충전되는 데 걸리는 시간은 약 1시간이었습니다.",
        "updated_tuples": "['USB-C 포트', 'PORTS#GENERAL', 'positive'], ['charged time', 'POWER_SUPPLY#OPERATION_PERFORMANCE', 'positive']"
    },
    {
        "line": 1059,
        "original_sentence": "very easy to (1: set up) and light to carry .",
        "original_tuples": "[['set up', 'LAPTOP#USABILITY', 'positive'], ['NULL', 'LAPTOP#PORTABILITY', 'positive']]\n",
        "translated_sentence": "설치가 매우 쉽고 가벼워서 휴대하기 편리합니다.",
        "updated_tuples": "['set up', 'LAPTOP#USABILITY', 'positive'], ['NULL', 'LAPTOP#PORTABILITY', 'positive']"
    },
    {
        "line": 1200,
        "original_sentence": "first off the (1: chromebook) itself is excellent , one of the few budget models with 1080p and a long (2: battery life) .",
        "original_tuples": "[['chromebook', 'LAPTOP#GENERAL', 'positive'], ['battery life', 'BATTERY#OPERATION_PERFORMANCE', 'positive']]\n",
        "translated_sentence": "우선 크롬북 자체는 훌륭하고, 1080p와 긴 (2: 배터리 수명을 갖춘 몇 안 되는 저렴한 모델 중 하나입니다.",
        "updated_tuples": "['크롬북', 'LAPTOP#GENERAL', 'positive'], ['battery life', 'BATTERY#OPERATION_PERFORMANCE', 'positive']"
    },
    {
        "line": 1211,
        "original_sentence": "works great as a (1: chromebook) but (1: chromebook)s are still very limited for android compatibility , at least this one is .",
        "original_tuples": "[['chromebook', 'LAPTOP#OPERATION_PERFORMANCE', 'positive'], ['chromebooks', 'LAPTOP#USABILITY', 'negative']]\n",
        "translated_sentence": "Chromebook으로는 훌륭하게 작동하지만 Chromebook은 적어도 이 제품의 경우 안드로이드와의 호환성이 여전히 매우 제한적입니다.",
        "updated_tuples": "['Chromebook', 'LAPTOP#OPERATION_PERFORMANCE', 'positive'], ['chromebooks', 'LAPTOP#USABILITY', 'negative']"
    },
    {
        "line": 1241,
        "original_sentence": "the (2: keyboard) makes it easy to type notes quickly and write papers , and the backlit (2: keyboard) is a major plus .",
        "original_tuples": "[['keyboard', 'KEYBOARD#USABILITY', 'positive'], ['keyboard', 'KEYBOARD#USABILITY', 'positive'], ['backlit keyboard', 'KEYBOARD#DESIGN_FEATURES', 'positive']]\n",
        "translated_sentence": "키보드를 사용하면 메모를 빠르게 입력하고 논문을 쓰기가 쉽고, 백라이트 키보드는 큰 장점입니다.",
        "updated_tuples": "['키보드', 'KEYBOARD#USABILITY', 'positive'], ['키보드', 'KEYBOARD#USABILITY', 'positive'], ['backlit keyboard', 'KEYBOARD#DESIGN_FEATURES', 'positive']"
    }
]