[
    {
        "line": 1,
        "original_sentence": "(1: package) arrived faster than the estimated arrival .",
        "original_tuples": "[['package', 'SHIPPING#OPERATION_PERFORMANCE', 'positive']]\n",
        "translated_sentence": "（１：荷物）は予想到着時間より早く到着しました。",
        "updated_tuples": "['package', 'SHIPPING#OPERATION_PERFORMANCE', 'positive']"
    },
    {
        "line": 3,
        "original_sentence": "the (1: tablet) here works well .",
        "original_tuples": "[['tablet', 'LAPTOP#OPERATION_PERFORMANCE', 'positive']]\n",
        "translated_sentence": "ここでの（１：タブレット）はうまく機能します。",
        "updated_tuples": "['tablet', 'LAPTOP#OPERATION_PERFORMANCE', 'positive']"
    },
    {
        "line": 10,
        "original_sentence": "edit : just shy of owning 2 for 9 months now and both are experiencing (1: touch screen) failure problems .",
        "original_tuples": "[['touch screen', 'DISPLAY#OPERATION_PERFORMANCE', 'negative']]\n",
        "translated_sentence": "編集: 2 台を所有して 9 か月が経ちましたが、両方とも (1 つはタッチ スクリーン) 故障の問題が発生しています。",
        "updated_tuples": "['touch screen', 'DISPLAY#OPERATION_PERFORMANCE', 'negative']"
    },
    {
        "line": 73,
        "original_sentence": "(1: mouse track pad) is non standard .",
        "original_tuples": "[['mouse track pad', 'HARDWARE#OPERATION_PERFORMANCE', 'negative']]\n",
        "translated_sentence": "（１：マウストラックパッド）は非標準です。",
        "updated_tuples": "['mouse track pad', 'HARDWARE#OPERATION_PERFORMANCE', 'negative']"
    },
    {
        "line": 87,
        "original_sentence": "(1: acer support) is awful .",
        "original_tuples": "[['acer support', 'SUPPORT#QUALITY', 'negative']]\n",
        "translated_sentence": "（１：Acerのサポートは）ひどいです。",
        "updated_tuples": "['acer support', 'SUPPORT#QUALITY', 'negative']"
    },
    {
        "line": 142,
        "original_sentence": "two (1: replacements) had the same problem all in 4 weeks .",
        "original_tuples": "[['replacements', 'LAPTOP#GENERAL', 'negative']]\n",
        "translated_sentence": "4週間以内に2台（1台は交換品）で同じ問題が発生しました。",
        "updated_tuples": "['replacements', 'LAPTOP#GENERAL', 'negative']"
    },
    {
        "line": 146,
        "original_sentence": "one of the first things i noticed after firing up this (2: device) was how quiet and effortlessly it performs all tasks that i ask of it .",
        "original_tuples": "[['device', 'LAPTOP#OPERATION_PERFORMANCE', 'positive'], ['device', 'LAPTOP#OPERATION_PERFORMANCE', 'positive']]\n",
        "translated_sentence": "このデバイス (2) を起動して最初に気付いたことの 1 つは、要求するすべてのタスクを非常に静かに、かつ簡単に実行できることです。",
        "updated_tuples": "['device', 'LAPTOP#OPERATION_PERFORMANCE', 'positive'], ['device', 'LAPTOP#OPERATION_PERFORMANCE', 'positive']"
    },
    {
        "line": 149,
        "original_sentence": "(1: speakers) are weak and the volume range tops off half way .",
        "original_tuples": "[['speakers', 'MULTIMEDIA_DEVICES#OPERATION_PERFORMANCE', 'negative']]\n",
        "translated_sentence": "（１：スピーカー）が弱く、音量範囲が途中で上限に達します。",
        "updated_tuples": "['speakers', 'MULTIMEDIA_DEVICES#OPERATION_PERFORMANCE', 'negative']"
    },
    {
        "line": 150,
        "original_sentence": "it just is missing a lot of other features that i wanted in a (1: notebook)",
        "original_tuples": "[['notebook', 'LAPTOP#DESIGN_FEATURES', 'negative']]\n",
        "translated_sentence": "ただ、私がノートブックに求めていた他の多くの機能が欠けています。",
        "updated_tuples": "['notebook', 'LAPTOP#DESIGN_FEATURES', 'negative']"
    },
    {
        "line": 151,
        "original_sentence": "the (1: playstore) its immature .",
        "original_tuples": "[['playstore', 'SOFTWARE#USABILITY', 'negative']]\n",
        "translated_sentence": "（１：プレイストア）は未熟です。",
        "updated_tuples": "['playstore', 'SOFTWARE#USABILITY', 'negative']"
    },
    {
        "line": 154,
        "original_sentence": "absolutly horrible (1: product) , cheap (2: components) make for unreliable (1: product)s , but when the nearest (4: service location) is 50 + miles away i wonder how much (5: apple) truly cares ?",
        "original_tuples": "[['product', 'LAPTOP#GENERAL', 'negative'], ['components', 'LAPTOP#PRICE', 'negative'], ['products', 'LAPTOP#QUALITY', 'negative'], ['service location', 'SUPPORT#GENERAL', 'negative'], ['apple', 'COMPANY#GENERAL', 'negative']]\n",
        "translated_sentence": "まったくひどい 製品、安い 部品 ため信頼性の低い 製品 になりますが、最寄りの サービス拠点 が 50 マイル以上離れている場合、Apple は実際にどの程度気にしているのでしょうか?",
        "updated_tuples": "['製品', 'LAPTOP#GENERAL', 'negative'], ['部品', 'LAPTOP#PRICE', 'negative'], ['products', 'LAPTOP#QUALITY', 'negative'], ['サービス拠点', 'SUPPORT#GENERAL', 'negative'], ['Apple', 'COMPANY#GENERAL', 'negative']"
    },
    {
        "line": 177,
        "original_sentence": "(1: touch screen) and (2: zoom) is great .",
        "original_tuples": "[['touch screen', 'HARDWARE#GENERAL', 'positive'], ['zoom', 'HARDWARE#GENERAL', 'positive']]\n",
        "translated_sentence": "（１：タッチスクリーン）と（２：ズーム）が素晴らしいです。",
        "updated_tuples": "['touch screen', 'HARDWARE#GENERAL', 'positive'], ['zoom', 'HARDWARE#GENERAL', 'positive']"
    },
    {
        "line": 181,
        "original_sentence": "(1: screen color) is excellent .",
        "original_tuples": "[['screen color', 'DISPLAY#DESIGN_FEATURES', 'positive']]\n",
        "translated_sentence": "（１：画面の色）が優れています。",
        "updated_tuples": "['screen color', 'DISPLAY#DESIGN_FEATURES', 'positive']"
    },
    {
        "line": 192,
        "original_sentence": "(1: battery) is not as long",
        "original_tuples": "[['battery', 'BATTERY#OPERATION_PERFORMANCE', 'negative']]\n",
        "translated_sentence": "（１：バッテリー）はそれほど長くない",
        "updated_tuples": "['battery', 'BATTERY#OPERATION_PERFORMANCE', 'negative']"
    },
    {
        "line": 215,
        "original_sentence": "(1: edges) of sides can be a little sharp .",
        "original_tuples": "[['edges', 'LAPTOP#DESIGN_FEATURES', 'neutral']]\n",
        "translated_sentence": "（１：側面のエッジは少し鋭い場合があります。）",
        "updated_tuples": "['edges', 'LAPTOP#DESIGN_FEATURES', 'neutral']"
    },
    {
        "line": 232,
        "original_sentence": "(1: battery life) is superb",
        "original_tuples": "[['battery life', 'BATTERY#OPERATION_PERFORMANCE', 'positive']]\n",
        "translated_sentence": "（１：バッテリー寿命）は素晴らしい",
        "updated_tuples": "['battery life', 'BATTERY#OPERATION_PERFORMANCE', 'positive']"
    },
    {
        "line": 235,
        "original_sentence": "(1: battery life) appears to be pretty good too .",
        "original_tuples": "[['battery life', 'BATTERY#GENERAL', 'positive']]\n",
        "translated_sentence": "（１：バッテリー寿命）もかなり良いようです。",
        "updated_tuples": "['battery life', 'BATTERY#GENERAL', 'positive']"
    },
    {
        "line": 245,
        "original_sentence": "(1: monitor) went out 35 days after receiving .",
        "original_tuples": "[['monitor', 'DISPLAY#QUALITY', 'negative']]\n",
        "translated_sentence": "（１：モニター）は受け取ってから３５日後に出ました。",
        "updated_tuples": "['monitor', 'DISPLAY#QUALITY', 'negative']"
    },
    {
        "line": 276,
        "original_sentence": "it ' s a great (1: computer) .",
        "original_tuples": "[['computer', 'LAPTOP#GENERAL', 'positive']]\n",
        "translated_sentence": "それは素晴らしい（１：コンピュータ）です。",
        "updated_tuples": "['computer', 'LAPTOP#GENERAL', 'positive']"
    },
    {
        "line": 287,
        "original_sentence": "(1: manufacturing) seems unreliable .",
        "original_tuples": "[['manufacturing', 'LAPTOP#QUALITY', 'negative']]\n",
        "translated_sentence": "（１：製造業）は信頼できないようです。",
        "updated_tuples": "['manufacturing', 'LAPTOP#QUALITY', 'negative']"
    },
    {
        "line": 288,
        "original_sentence": "i got a replacement (1: unit) and it had the same issue .",
        "original_tuples": "[['unit', 'LAPTOP#OPERATION_PERFORMANCE', 'negative']]\n",
        "translated_sentence": "交換品（1台）を入手しましたが、同じ問題が発生しました。",
        "updated_tuples": "['unit', 'LAPTOP#OPERATION_PERFORMANCE', 'negative']"
    },
    {
        "line": 294,
        "original_sentence": "(1: google play support) is lip service only .",
        "original_tuples": "[['google play support', 'SUPPORT#QUALITY', 'negative']]\n",
        "translated_sentence": "（１：Google Play サポート）は単なるお世辞です。",
        "updated_tuples": "['google play support', 'SUPPORT#QUALITY', 'negative']"
    },
    {
        "line": 306,
        "original_sentence": "this by far one of the best (1: laptops) i ' ve ever purchased .",
        "original_tuples": "[['laptops', 'LAPTOP#GENERAL', 'positive']]\n",
        "translated_sentence": "これは私が今まで購入したノートパソコンの中で断然最高のものの 1 つです。",
        "updated_tuples": "['laptops', 'LAPTOP#GENERAL', 'positive']"
    },
    {
        "line": 362,
        "original_sentence": "the (2: screen) is crisp and bright .",
        "original_tuples": "[['screen', 'DISPLAY#QUALITY', 'positive'], ['screen', 'DISPLAY#QUALITY', 'positive']]\n",
        "translated_sentence": "（２：画面は）鮮明で明るいです。",
        "updated_tuples": "['screen', 'DISPLAY#QUALITY', 'positive'], ['screen', 'DISPLAY#QUALITY', 'positive']"
    },
    {
        "line": 382,
        "original_sentence": "for the price , it ' s a solid (1: laptop) .",
        "original_tuples": "[['laptop', 'LAPTOP#PRICE', 'positive']]\n",
        "translated_sentence": "価格の割にはしっかりしたノートパソコンです。",
        "updated_tuples": "['laptop', 'LAPTOP#PRICE', 'positive']"
    },
    {
        "line": 390,
        "original_sentence": "however , the (1: bluetooth) is a nightmare .",
        "original_tuples": "[['bluetooth', 'PORTS#GENERAL', 'negative']]\n",
        "translated_sentence": "しかし、（１：ブルートゥース）は悪夢です。",
        "updated_tuples": "['bluetooth', 'PORTS#GENERAL', 'negative']"
    },
    {
        "line": 393,
        "original_sentence": "have not tried customer service so no comment , but this is a nice sub $ 400 (1: machine) .",
        "original_tuples": "[['machine', 'LAPTOP#PRICE', 'positive']]\n",
        "translated_sentence": "カスタマー サービスを試したことがないのでコメントはありませんが、これは 400 ドル未満 (1 台あたり) で購入できる素晴らしい製品です。",
        "updated_tuples": "['machine', 'LAPTOP#PRICE', 'positive']"
    },
    {
        "line": 397,
        "original_sentence": "the thing that made me return it was the (1: trackpad) .",
        "original_tuples": "[['trackpad', 'KEYBOARD#GENERAL', 'negative']]\n",
        "translated_sentence": "返品することになったのは、（１：トラックパッド）でした。",
        "updated_tuples": "['trackpad', 'KEYBOARD#GENERAL', 'negative']"
    },
    {
        "line": 413,
        "original_sentence": "this is easily the best (1: trackpad) i have ever used .",
        "original_tuples": "[['trackpad', 'KEYBOARD#GENERAL', 'positive']]\n",
        "translated_sentence": "これは私が今まで使った中で最高のトラックパッドです。",
        "updated_tuples": "['trackpad', 'KEYBOARD#GENERAL', 'positive']"
    },
    {
        "line": 428,
        "original_sentence": "(1: multitasking) is pretty good .",
        "original_tuples": "[['multitasking', 'LAPTOP#OPERATION_PERFORMANCE', 'positive']]\n",
        "translated_sentence": "（１：マルチタスク）はかなり良いです。",
        "updated_tuples": "['multitasking', 'LAPTOP#OPERATION_PERFORMANCE', 'positive']"
    },
    {
        "line": 430,
        "original_sentence": "(4: this) is smart looking , thin , light weight , and portable .",
        "original_tuples": "[['NULL', 'LAPTOP#DESIGN_FEATURES', 'positive'], ['NULL', 'LAPTOP#DESIGN_FEATURES', 'positive'], ['NULL', 'LAPTOP#DESIGN_FEATURES', 'positive'], ['this', 'LAPTOP#PORTABILITY', 'positive']]\n",
        "translated_sentence": "（４：これは）見た目がスマートで、薄く、軽く、持ち運びに便利です。",
        "updated_tuples": "['NULL', 'LAPTOP#DESIGN_FEATURES', 'positive'], ['NULL', 'LAPTOP#DESIGN_FEATURES', 'positive'], ['NULL', 'LAPTOP#DESIGN_FEATURES', 'positive'], ['this', 'LAPTOP#PORTABILITY', 'positive']"
    },
    {
        "line": 463,
        "original_sentence": "(1: system) shutdown problems every month .",
        "original_tuples": "[['system', 'OS#OPERATION_PERFORMANCE', 'negative']]\n",
        "translated_sentence": "（１：システム）毎月シャットダウン問題発生。",
        "updated_tuples": "['system', 'OS#OPERATION_PERFORMANCE', 'negative']"
    },
    {
        "line": 464,
        "original_sentence": "this is my third and last (1: chromebook) .",
        "original_tuples": "[['chromebook', 'LAPTOP#GENERAL', 'negative']]\n",
        "translated_sentence": "これは私の3台目で最後のものです（1台目：Chromebook）。",
        "updated_tuples": "['chromebook', 'LAPTOP#GENERAL', 'negative']"
    },
    {
        "line": 472,
        "original_sentence": "the most recent incident is the (1: sound) wo n ' t work .",
        "original_tuples": "[['sound', 'MULTIMEDIA_DEVICES#QUALITY', 'negative']]\n",
        "translated_sentence": "最近の出来事は、（１：音）が出ないというものです。",
        "updated_tuples": "['sound', 'MULTIMEDIA_DEVICES#QUALITY', 'negative']"
    },
    {
        "line": 473,
        "original_sentence": "i like the (1: size of the laptop) , and it ' s processing speed .",
        "original_tuples": "[['size of the laptop', 'LAPTOP#DESIGN_FEATURES', 'positive']]\n",
        "translated_sentence": "私は（１：ノートパソコンのサイズ）と処理速度が気に入っています。",
        "updated_tuples": "['size of the laptop', 'LAPTOP#DESIGN_FEATURES', 'positive']"
    },
    {
        "line": 474,
        "original_sentence": "(1: screen) is nice .",
        "original_tuples": "[['screen', 'DISPLAY#GENERAL', 'positive']]\n",
        "translated_sentence": "（１：画面）いいですね。",
        "updated_tuples": "['screen', 'DISPLAY#GENERAL', 'positive']"
    },
    {
        "line": 484,
        "original_sentence": "(1: screen) turn black and won ' t turn on within a month rarely use .",
        "original_tuples": "[['screen', 'DISPLAY#QUALITY', 'negative']]\n",
        "translated_sentence": "（１：画面）が真っ黒になり、１ヶ月以内に電源が入らなくなりました。ほとんど使用していません。",
        "updated_tuples": "['screen', 'DISPLAY#QUALITY', 'negative']"
    },
    {
        "line": 506,
        "original_sentence": "the (1: screen) is bright and (2: color spread) is good .",
        "original_tuples": "[['screen', 'DISPLAY#OPERATION_PERFORMANCE', 'positive'], ['color spread', 'DISPLAY#OPERATION_PERFORMANCE', 'positive']]\n",
        "translated_sentence": "（１：画面）は明るく、（２：色の広がり）は良好です。",
        "updated_tuples": "['screen', 'DISPLAY#OPERATION_PERFORMANCE', 'positive'], ['color spread', 'DISPLAY#OPERATION_PERFORMANCE', 'positive']"
    },
    {
        "line": 510,
        "original_sentence": "saving the best for last , the full (1: hd screen) is one of the primary reasons i chose this chromebook , and it is wonderful .",
        "original_tuples": "[['hd screen', 'DISPLAY#OPERATION_PERFORMANCE', 'positive']]\n",
        "translated_sentence": "最後に最高の点を述べておきますが、フル HD 画面は私がこの Chromebook を選んだ主な理由の 1 つであり、素晴らしいものです。",
        "updated_tuples": "['hd screen', 'DISPLAY#OPERATION_PERFORMANCE', 'positive']"
    },
    {
        "line": 511,
        "original_sentence": "i just fear for the long term ruggedness of the (1: exterior) .",
        "original_tuples": "[['exterior', 'HARDWARE#GENERAL', 'negative']]\n",
        "translated_sentence": "私はただ、（１：外装）の長期的な耐久性を心配しています。",
        "updated_tuples": "['exterior', 'HARDWARE#GENERAL', 'negative']"
    },
    {
        "line": 522,
        "original_sentence": "(1: microphone) is really low .",
        "original_tuples": "[['microphone', 'MULTIMEDIA_DEVICES#OPERATION_PERFORMANCE', 'negative']]\n",
        "translated_sentence": "（１：マイク）が本当に低いです。",
        "updated_tuples": "['microphone', 'MULTIMEDIA_DEVICES#OPERATION_PERFORMANCE', 'negative']"
    },
    {
        "line": 549,
        "original_sentence": "the (1: start up) process was very simple and relatively quick .",
        "original_tuples": "[['start up', 'OS#OPERATION_PERFORMANCE', 'positive']]\n",
        "translated_sentence": "（１：起動）プロセスは非常にシンプルで、比較的迅速でした。",
        "updated_tuples": "['start up', 'OS#OPERATION_PERFORMANCE', 'positive']"
    },
    {
        "line": 557,
        "original_sentence": "and the (1: screen) was changing like creazy .",
        "original_tuples": "[['screen', 'DISPLAY#OPERATION_PERFORMANCE', 'negative']]\n",
        "translated_sentence": "そして（１：画面）は狂ったように変化しました。",
        "updated_tuples": "['screen', 'DISPLAY#OPERATION_PERFORMANCE', 'negative']"
    },
    {
        "line": 588,
        "original_sentence": "you know , i wanted to love this (1: machine) .",
        "original_tuples": "[['machine', 'LAPTOP#GENERAL', 'neutral']]\n",
        "translated_sentence": "ほら、私はこの（１：マシン）を愛したかったんです。",
        "updated_tuples": "['machine', 'LAPTOP#GENERAL', 'neutral']"
    },
    {
        "line": 614,
        "original_sentence": "i was worried about the (1: battery life) because of the reviews .",
        "original_tuples": "[['battery life', 'BATTERY#GENERAL', 'negative']]\n",
        "translated_sentence": "レビューを見て（１：バッテリー寿命）が心配でした。",
        "updated_tuples": "['battery life', 'BATTERY#GENERAL', 'negative']"
    },
    {
        "line": 622,
        "original_sentence": "i barely do anything on it and it is a complete garbage can of a (1: laptop) .",
        "original_tuples": "[['laptop', 'LAPTOP#GENERAL', 'negative']]\n",
        "translated_sentence": "ほとんど何もしてないのに、完全にゴミ箱みたいなノートパソコンです。",
        "updated_tuples": "['laptop', 'LAPTOP#GENERAL', 'negative']"
    },
    {
        "line": 623,
        "original_sentence": "(1: port options) are nice as well .",
        "original_tuples": "[['port options', 'PORTS#GENERAL', 'positive']]\n",
        "translated_sentence": "（１：ポートオプション）もいいですね。",
        "updated_tuples": "['port options', 'PORTS#GENERAL', 'positive']"
    },
    {
        "line": 626,
        "original_sentence": "it ' s not real fast and it doesn ' t have a lot of (2: storage) .",
        "original_tuples": "[['NULL', 'LAPTOP#OPERATION_PERFORMANCE', 'negative'], ['storage', 'HARD_DISC#GENERAL', 'negative']]\n",
        "translated_sentence": "それほど高速ではなく、ストレージもそれほど多くありません。",
        "updated_tuples": "['NULL', 'LAPTOP#OPERATION_PERFORMANCE', 'negative'], ['storage', 'HARD_DISC#GENERAL', 'negative']"
    },
    {
        "line": 627,
        "original_sentence": "(1: track pad) is passable .",
        "original_tuples": "[['track pad', 'KEYBOARD#GENERAL', 'neutral']]\n",
        "translated_sentence": "（１：トラックパッド）は合格です。",
        "updated_tuples": "['track pad', 'KEYBOARD#GENERAL', 'neutral']"
    },
    {
        "line": 639,
        "original_sentence": "(1: games) are hit and miss .",
        "original_tuples": "[['games', 'SOFTWARE#GENERAL', 'neutral']]\n",
        "translated_sentence": "（１：ゲームは）当たり外れがある。",
        "updated_tuples": "['games', 'SOFTWARE#GENERAL', 'neutral']"
    },
    {
        "line": 644,
        "original_sentence": "(1: battery life) is phenomenal again .",
        "original_tuples": "[['battery life', 'BATTERY#OPERATION_PERFORMANCE', 'positive']]\n",
        "translated_sentence": "（１：バッテリー寿命）がまた驚異的だ。",
        "updated_tuples": "['battery life', 'BATTERY#OPERATION_PERFORMANCE', 'positive']"
    },
    {
        "line": 654,
        "original_sentence": "(1: screen) is a bit small for me .",
        "original_tuples": "[['screen', 'DISPLAY#DESIGN_FEATURES', 'negative']]\n",
        "translated_sentence": "（１：画面）は私には少し小さいです。",
        "updated_tuples": "['screen', 'DISPLAY#DESIGN_FEATURES', 'negative']"
    },
    {
        "line": 660,
        "original_sentence": "surprisingly to me , the (2: tablet form) has been better than expected for reading .",
        "original_tuples": "[['tablet form', 'LAPTOP#OPERATION_PERFORMANCE', 'positive'], ['tablet form', 'LAPTOP#OPERATION_PERFORMANCE', 'positive']]\n",
        "translated_sentence": "驚いたことに、（２：タブレット形式）は、予想以上に読書に適していました。",
        "updated_tuples": "['tablet form', 'LAPTOP#OPERATION_PERFORMANCE', 'positive'], ['tablet form', 'LAPTOP#OPERATION_PERFORMANCE', 'positive']"
    },
    {
        "line": 668,
        "original_sentence": "now audio in and out are combined in just one (1: port) .",
        "original_tuples": "[['port', 'PORTS#DESIGN_FEATURES', 'negative']]\n",
        "translated_sentence": "現在、オーディオ入力と出力は 1 つのポート (1) に統合されています。",
        "updated_tuples": "['port', 'PORTS#DESIGN_FEATURES', 'negative']"
    },
    {
        "line": 674,
        "original_sentence": "(1: screen resolution) is good .",
        "original_tuples": "[['screen resolution', 'DISPLAY#DESIGN_FEATURES', 'positive']]\n",
        "translated_sentence": "（１：画面解像度）は良好です。",
        "updated_tuples": "['screen resolution', 'DISPLAY#DESIGN_FEATURES', 'positive']"
    },
    {
        "line": 675,
        "original_sentence": "(1: camera) is sd but not a problem .",
        "original_tuples": "[['camera', 'HARDWARE#GENERAL', 'neutral']]\n",
        "translated_sentence": "（１：カメラ）はSDですが問題ありません。",
        "updated_tuples": "['camera', 'HARDWARE#GENERAL', 'neutral']"
    },
    {
        "line": 679,
        "original_sentence": "there ' s nothing i do n ' t like about this (1: device) , so in order of importance , here ' s what i love about it .",
        "original_tuples": "[['device', 'LAPTOP#GENERAL', 'positive']]\n",
        "translated_sentence": "このデバイスには気に入らない点が何もないので、重要度順に、気に入っている点を挙げていきます。",
        "updated_tuples": "['device', 'LAPTOP#GENERAL', 'positive']"
    },
    {
        "line": 698,
        "original_sentence": "in short , i would be very cautious as to ordering this (1: product) given the obvious history of quality control issues .",
        "original_tuples": "[['product', 'LAPTOP#QUALITY', 'negative']]\n",
        "translated_sentence": "要するに、品質管理上の問題の明らかな履歴を考えると、私はこの製品（1）を注文することに非常に慎重になるでしょう。",
        "updated_tuples": "['product', 'LAPTOP#QUALITY', 'negative']"
    },
    {
        "line": 701,
        "original_sentence": "' what a bunch of whiners , ' i concluded about all the people who slammed the (1: keyboard) .",
        "original_tuples": "[['keyboard', 'KEYBOARD#GENERAL', 'negative']]\n",
        "translated_sentence": "「なんて泣き言ばかり言う人たちなんだ」と、キーボードを叩いた人たち全員について私は結論づけた。",
        "updated_tuples": "['keyboard', 'KEYBOARD#GENERAL', 'negative']"
    },
    {
        "line": 717,
        "original_sentence": "the (1: display) is clear .",
        "original_tuples": "[['display', 'DISPLAY#OPERATION_PERFORMANCE', 'positive']]\n",
        "translated_sentence": "（１：表示）はクリアです。",
        "updated_tuples": "['display', 'DISPLAY#OPERATION_PERFORMANCE', 'positive']"
    },
    {
        "line": 721,
        "original_sentence": "i bought this (1: computer) a bit over two months ago for my son ' s college and after installing the windows update , it crashed !",
        "original_tuples": "[['computer', 'LAPTOP#OPERATION_PERFORMANCE', 'negative']]\n",
        "translated_sentence": "息子の大学用に2か月ちょっと前にこのコンピューター（1台）を購入したのですが、Windows Updateをインストールした後、クラッシュしてしまいました。",
        "updated_tuples": "['computer', 'LAPTOP#OPERATION_PERFORMANCE', 'negative']"
    },
    {
        "line": 731,
        "original_sentence": "the (1: trackpad) is awful as are most acer (1: trackpad)s .",
        "original_tuples": "[['trackpad', 'HARDWARE#OPERATION_PERFORMANCE', 'negative'], ['acer trackpads', 'HARDWARE#OPERATION_PERFORMANCE', 'negative']]\n",
        "translated_sentence": "トラックパッド は、ほとんどの Acer トラックパッド と同様にひどいです。",
        "updated_tuples": "['トラックパッド', 'HARDWARE#OPERATION_PERFORMANCE', 'negative'], ['acer trackpads', 'HARDWARE#OPERATION_PERFORMANCE', 'negative']"
    },
    {
        "line": 744,
        "original_sentence": "i did not expect to have to return this (1: product) for an exchange the same day i got it .",
        "original_tuples": "[['product', 'LAPTOP#GENERAL', 'negative']]\n",
        "translated_sentence": "私はこの商品（1）を受け取ったその日に交換のために返品しなければならないとは思っていませんでした。",
        "updated_tuples": "['product', 'LAPTOP#GENERAL', 'negative']"
    },
    {
        "line": 749,
        "original_sentence": "out of the box , gorgeous (1: laptop) .",
        "original_tuples": "[['laptop', 'LAPTOP#DESIGN_FEATURES', 'positive']]\n",
        "translated_sentence": "箱から出してすぐに使える、ゴージャスなノートパソコン（1台目）。",
        "updated_tuples": "['laptop', 'LAPTOP#DESIGN_FEATURES', 'positive']"
    },
    {
        "line": 757,
        "original_sentence": "(1: chromebook) is not a writer ' s friend .",
        "original_tuples": "[['chromebook', 'LAPTOP#GENERAL', 'negative']]\n",
        "translated_sentence": "（１：Chromebook）は作家の味方ではない。",
        "updated_tuples": "['chromebook', 'LAPTOP#GENERAL', 'negative']"
    },
    {
        "line": 771,
        "original_sentence": "i have had three (1: macbook pro ' s) and all have been excellent .",
        "original_tuples": "[[\"macbook pro ' s\", 'LAPTOP#GENERAL', 'positive']]\n",
        "translated_sentence": "私は 3 台 (1 台は MacBook Pro) 持っていますが、どれも素晴らしいです。",
        "updated_tuples": "['macbook pro ' s', 'LAPTOP#GENERAL', 'positive']"
    },
    {
        "line": 792,
        "original_sentence": "(1: screen resolution) super ( retina ) .",
        "original_tuples": "[['screen resolution', 'DISPLAY#QUALITY', 'positive']]\n",
        "translated_sentence": "（１：画面解像度）超（網膜）",
        "updated_tuples": "['screen resolution', 'DISPLAY#QUALITY', 'positive']"
    },
    {
        "line": 794,
        "original_sentence": "the (2: monitor) is bright and colorful .",
        "original_tuples": "[['monitor', 'DISPLAY#DESIGN_FEATURES', 'positive'], ['monitor', 'DISPLAY#DESIGN_FEATURES', 'positive']]\n",
        "translated_sentence": "（２：モニター）は明るくて色鮮やかです。",
        "updated_tuples": "['monitor', 'DISPLAY#DESIGN_FEATURES', 'positive'], ['monitor', 'DISPLAY#DESIGN_FEATURES', 'positive']"
    },
    {
        "line": 802,
        "original_sentence": "with the windows 10 / directx 12 improvements , frostbite 3 games will do very well on this (1: machine) at 1050p graphics / medium / low with the new starwars game .",
        "original_tuples": "[['machine', 'LAPTOP#OPERATION_PERFORMANCE', 'positive']]\n",
        "translated_sentence": "Windows 10 / DirectX 12 の改良により、このマシン (1 台) で、1050p グラフィック / 中 / 低で新しい Starwars ゲームを実行すると、Frostbite 3 ゲームが非常に良好に動作します。",
        "updated_tuples": "['machine', 'LAPTOP#OPERATION_PERFORMANCE', 'positive']"
    },
    {
        "line": 809,
        "original_sentence": "(1: tech support) is useless .",
        "original_tuples": "[['tech support', 'SUPPORT#GENERAL', 'negative']]\n",
        "translated_sentence": "（１：テクニカルサポート）は役に立たない。",
        "updated_tuples": "['tech support', 'SUPPORT#GENERAL', 'negative']"
    },
    {
        "line": 810,
        "original_sentence": "the (1: build quality) is good ( all aluminum body ) .",
        "original_tuples": "[['build quality', 'LAPTOP#QUALITY', 'positive']]\n",
        "translated_sentence": "（１：造りの良さ）は良いです（オールアルミボディ）。",
        "updated_tuples": "['build quality', 'LAPTOP#QUALITY', 'positive']"
    },
    {
        "line": 820,
        "original_sentence": "(1: power) turning on failed .",
        "original_tuples": "[['power', 'POWER_SUPPLY#OPERATION_PERFORMANCE', 'negative']]\n",
        "translated_sentence": "（１：電源）電源投入に失敗しました。",
        "updated_tuples": "['power', 'POWER_SUPPLY#OPERATION_PERFORMANCE', 'negative']"
    },
    {
        "line": 851,
        "original_sentence": "(1: battery) is okay .",
        "original_tuples": "[['battery', 'BATTERY#GENERAL', 'neutral']]\n",
        "translated_sentence": "（１：バッテリー）は大丈夫です。",
        "updated_tuples": "['battery', 'BATTERY#GENERAL', 'neutral']"
    },
    {
        "line": 858,
        "original_sentence": "the (1: screen) is surprisingly poor .",
        "original_tuples": "[['screen', 'DISPLAY#GENERAL', 'negative']]\n",
        "translated_sentence": "（１：画面）は驚くほど貧弱です。",
        "updated_tuples": "['screen', 'DISPLAY#GENERAL', 'negative']"
    },
    {
        "line": 863,
        "original_sentence": "(1: computer) looked excellent .",
        "original_tuples": "[['computer', 'LAPTOP#DESIGN_FEATURES', 'positive']]\n",
        "translated_sentence": "（１：コンピュータ）は素晴らしかったです。",
        "updated_tuples": "['computer', 'LAPTOP#DESIGN_FEATURES', 'positive']"
    },
    {
        "line": 865,
        "original_sentence": "(1: asus support) is horrible .",
        "original_tuples": "[['asus support', 'SUPPORT#GENERAL', 'negative']]\n",
        "translated_sentence": "（１：ASUSサポート）はひどいです。",
        "updated_tuples": "['asus support', 'SUPPORT#GENERAL', 'negative']"
    },
    {
        "line": 922,
        "original_sentence": "this (1: computer) lives up to its expectations .",
        "original_tuples": "[['computer', 'LAPTOP#GENERAL', 'positive']]\n",
        "translated_sentence": "この（１：コンピュータ）は期待通りの働きをします。",
        "updated_tuples": "['computer', 'LAPTOP#GENERAL', 'positive']"
    },
    {
        "line": 933,
        "original_sentence": "this (1: computer) is amazing .",
        "original_tuples": "[['computer', 'LAPTOP#GENERAL', 'positive']]\n",
        "translated_sentence": "この（１：コンピュータ）はすごいですね。",
        "updated_tuples": "['computer', 'LAPTOP#GENERAL', 'positive']"
    },
    {
        "line": 947,
        "original_sentence": "this is my first ever (1: macbook) and i will never go back .",
        "original_tuples": "[['macbook', 'LAPTOP#GENERAL', 'positive']]\n",
        "translated_sentence": "これは私にとって初めての（1台目のMacBook）であり、もう他のMacBookには戻れません。",
        "updated_tuples": "['macbook', 'LAPTOP#GENERAL', 'positive']"
    },
    {
        "line": 949,
        "original_sentence": "this was the second (1: vivobook) in a row !",
        "original_tuples": "[['vivobook', 'LAPTOP#QUALITY', 'negative']]\n",
        "translated_sentence": "これは2回連続（1回目はvivobook）でした！",
        "updated_tuples": "['vivobook', 'LAPTOP#QUALITY', 'negative']"
    },
    {
        "line": 954,
        "original_sentence": "the (1: laptop charger) has sparked repeatedly .",
        "original_tuples": "[['laptop charger', 'POWER_SUPPLY#OPERATION_PERFORMANCE', 'negative']]\n",
        "translated_sentence": "（１：ノートパソコンの充電器）が繰り返し火花を散らしました。",
        "updated_tuples": "['laptop charger', 'POWER_SUPPLY#OPERATION_PERFORMANCE', 'negative']"
    },
    {
        "line": 966,
        "original_sentence": "the (1: track pad) , which i don ' t use , is also highly responsive .",
        "original_tuples": "[['track pad', 'KEYBOARD#OPERATION_PERFORMANCE', 'positive']]\n",
        "translated_sentence": "使用していない（１：トラックパッド）も反応が非常に良いです。",
        "updated_tuples": "['track pad', 'KEYBOARD#OPERATION_PERFORMANCE', 'positive']"
    },
    {
        "line": 972,
        "original_sentence": "(1: the quality) is is meh .",
        "original_tuples": "[['the quality', 'LAPTOP#QUALITY', 'negative']]\n",
        "translated_sentence": "（１：品質は）まあまあです。",
        "updated_tuples": "['the quality', 'LAPTOP#QUALITY', 'negative']"
    },
    {
        "line": 982,
        "original_sentence": "i am able to write , look up facts on the internet , and it has a pretty good (1: battery life) .",
        "original_tuples": "[['battery life', 'BATTERY#GENERAL', 'positive']]\n",
        "translated_sentence": "文章を書いたり、インターネットで事実を調べたりすることができ、バッテリー寿命もかなり長いです。",
        "updated_tuples": "['battery life', 'BATTERY#GENERAL', 'positive']"
    },
    {
        "line": 1005,
        "original_sentence": "moreover i ' m quite upset because it seems (1: amazon) will not pay me back the shipping fees , which for me amount to about 100 $ as i live in france .",
        "original_tuples": "[['amazon', 'SHIPPING#GENERAL', 'negative']]\n",
        "translated_sentence": "さらに、私はフランスに住んでいるので、アマゾンが送料を返金してくれないようなので、かなり腹が立っています。送料は私の場合約100ドルになります。",
        "updated_tuples": "['amazon', 'SHIPPING#GENERAL', 'negative']"
    },
    {
        "line": 1046,
        "original_sentence": "if you want to watch movies or listen to music , this might not be the (1: machine) for you .",
        "original_tuples": "[['machine', 'LAPTOP#OPERATION_PERFORMANCE', 'negative']]\n",
        "translated_sentence": "映画を見たり音楽を聴いたりしたい場合、これはあなたには適していないかもしれません。",
        "updated_tuples": "['machine', 'LAPTOP#OPERATION_PERFORMANCE', 'negative']"
    },
    {
        "line": 1057,
        "original_sentence": "(1: keyboard) key fragile .",
        "original_tuples": "[['keyboard', 'KEYBOARD#QUALITY', 'negative']]\n",
        "translated_sentence": "（１：キーボード）キーが壊れやすい。",
        "updated_tuples": "['keyboard', 'KEYBOARD#QUALITY', 'negative']"
    },
    {
        "line": 1059,
        "original_sentence": "very easy to (1: set up) and light to carry .",
        "original_tuples": "[['set up', 'LAPTOP#USABILITY', 'positive'], ['NULL', 'LAPTOP#PORTABILITY', 'positive']]\n",
        "translated_sentence": "セットアップが非常に簡単で、持ち運びも軽いです。",
        "updated_tuples": "['set up', 'LAPTOP#USABILITY', 'positive'], ['NULL', 'LAPTOP#PORTABILITY', 'positive']"
    },
    {
        "line": 1082,
        "original_sentence": "(1: sound) is .",
        "original_tuples": "[['sound', 'MULTIMEDIA_DEVICES#GENERAL', 'neutral']]\n",
        "translated_sentence": "（１：音）は です。",
        "updated_tuples": "['sound', 'MULTIMEDIA_DEVICES#GENERAL', 'neutral']"
    },
    {
        "line": 1083,
        "original_sentence": "note : i bought a refurbished / ` ` damaged ` ` (1: model) from amazon and it ' s in absolutely flawless condition .",
        "original_tuples": "[['model', 'LAPTOP#GENERAL', 'positive']]\n",
        "translated_sentence": "注: 私はAmazonから再生品/「破損品」(モデル1)を購入しましたが、まったく完璧な状態です。",
        "updated_tuples": "['model', 'LAPTOP#GENERAL', 'positive']"
    },
    {
        "line": 1110,
        "original_sentence": "(1: battery life) is good at about 10 hours .",
        "original_tuples": "[['battery life', 'BATTERY#OPERATION_PERFORMANCE', 'positive']]\n",
        "translated_sentence": "（１：電池寿命）は約10時間と良好です。",
        "updated_tuples": "['battery life', 'BATTERY#OPERATION_PERFORMANCE', 'positive']"
    },
    {
        "line": 1119,
        "original_sentence": "for anyone wanting a small (1: footprint 1080p chromebook) , this one is hard to beat .",
        "original_tuples": "[['footprint 1080p chromebook', 'LAPTOP#GENERAL', 'positive']]\n",
        "translated_sentence": "小型の (フットプリント 1:1、1080p) Chromebook を求める人にとって、これに勝るものはありません。",
        "updated_tuples": "['footprint 1080p chromebook', 'LAPTOP#GENERAL', 'positive']"
    },
    {
        "line": 1131,
        "original_sentence": "setting it up is awkward because it ' s (1: chrome) .",
        "original_tuples": "[['chrome', 'SOFTWARE#USABILITY', 'negative']]\n",
        "translated_sentence": "（１：Chrome）なので設定が面倒です。",
        "updated_tuples": "['chrome', 'SOFTWARE#USABILITY', 'negative']"
    },
    {
        "line": 1139,
        "original_sentence": "(1: customer service) is difficult .",
        "original_tuples": "[['customer service', 'SUPPORT#OPERATION_PERFORMANCE', 'negative']]\n",
        "translated_sentence": "（１：顧客サービス）は難しいです。",
        "updated_tuples": "['customer service', 'SUPPORT#OPERATION_PERFORMANCE', 'negative']"
    },
    {
        "line": 1147,
        "original_sentence": "the (1: battery life) is outstanding .",
        "original_tuples": "[['battery life', 'BATTERY#GENERAL', 'positive']]\n",
        "translated_sentence": "（１：バッテリー寿命）は抜群です。",
        "updated_tuples": "['battery life', 'BATTERY#GENERAL', 'positive']"
    },
    {
        "line": 1150,
        "original_sentence": "(1: acer ' s customer service) is by far the worst .",
        "original_tuples": "[[\"acer ' s customer service\", 'SUPPORT#QUALITY', 'negative']]\n",
        "translated_sentence": "（１：エイサーのカスタマーサービスは）断然最悪です。",
        "updated_tuples": "['acer ' s customer service', 'SUPPORT#QUALITY', 'negative']"
    },
    {
        "line": 1153,
        "original_sentence": "this is a wonderful (1: device) .",
        "original_tuples": "[['device', 'LAPTOP#GENERAL', 'positive']]\n",
        "translated_sentence": "これは素晴らしい（１：デバイス）です。",
        "updated_tuples": "['device', 'LAPTOP#GENERAL', 'positive']"
    },
    {
        "line": 1166,
        "original_sentence": "the speed at which this (1: charges) and (2: reboots) is amazing , and the (3: battery life) is long .",
        "original_tuples": "[['charges', 'POWER_SUPPLY#OPERATION_PERFORMANCE', 'positive'], ['reboots', 'OS#OPERATION_PERFORMANCE', 'positive'], ['battery life', 'BATTERY#OPERATION_PERFORMANCE', 'positive']]\n",
        "translated_sentence": "これは（１：充電）と（２：再起動）の速さがすごいし、（３：電池寿命）も長いです。",
        "updated_tuples": "['charges', 'POWER_SUPPLY#OPERATION_PERFORMANCE', 'positive'], ['reboots', 'OS#OPERATION_PERFORMANCE', 'positive'], ['battery life', 'BATTERY#OPERATION_PERFORMANCE', 'positive']"
    },
    {
        "line": 1177,
        "original_sentence": "it has a glassy - smooth (4: surface) that resists finger - prints and goop , is very large , and has a firm but not too - clunky feeling click to it .",
        "original_tuples": "[['surface', 'DISPLAY#DESIGN_FEATURES', 'positive'], ['surface', 'DISPLAY#DESIGN_FEATURES', 'positive'], ['surface', 'DISPLAY#DESIGN_FEATURES', 'positive'], ['surface', 'DISPLAY#DESIGN_FEATURES', 'positive']]\n",
        "translated_sentence": "指紋やベタつきに強いガラスのように滑らかな表面（4 表面）で、非常に大きく、クリック感はしっかりしていますが、あまりゴツゴツしていません。",
        "updated_tuples": "['surface', 'DISPLAY#DESIGN_FEATURES', 'positive'], ['surface', 'DISPLAY#DESIGN_FEATURES', 'positive'], ['surface', 'DISPLAY#DESIGN_FEATURES', 'positive'], ['surface', 'DISPLAY#DESIGN_FEATURES', 'positive']"
    },
    {
        "line": 1190,
        "original_sentence": "- (1: port) minimalism .",
        "original_tuples": "[['port', 'PORTS#PORTABILITY', 'negative']]\n",
        "translated_sentence": "- （１：ポート）ミニマリズム。",
        "updated_tuples": "['port', 'PORTS#PORTABILITY', 'negative']"
    },
    {
        "line": 1203,
        "original_sentence": "(1: tapping) it on either end is hit or miss .",
        "original_tuples": "[['tapping', 'KEYBOARD#OPERATION_PERFORMANCE', 'negative']]\n",
        "translated_sentence": "（１：タップ）どちらかの端で当たったり外れたりします。",
        "updated_tuples": "['tapping', 'KEYBOARD#OPERATION_PERFORMANCE', 'negative']"
    },
    {
        "line": 1211,
        "original_sentence": "works great as a (1: chromebook) but (1: chromebook)s are still very limited for android compatibility , at least this one is .",
        "original_tuples": "[['chromebook', 'LAPTOP#OPERATION_PERFORMANCE', 'positive'], ['chromebooks', 'LAPTOP#USABILITY', 'negative']]\n",
        "translated_sentence": "Chromebook としては素晴らしい働きをしますが、Chromebook は Android との互換性がまだ非常に限られています。少なくともこれはそうです。",
        "updated_tuples": "['Chromebook', 'LAPTOP#OPERATION_PERFORMANCE', 'positive'], ['chromebooks', 'LAPTOP#USABILITY', 'negative']"
    },
    {
        "line": 1226,
        "original_sentence": "my second (1: asus chromebook) has died .",
        "original_tuples": "[['asus chromebook', 'LAPTOP#GENERAL', 'negative']]\n",
        "translated_sentence": "私の2台目（1台目：ASUS Chromebook）が壊れました。",
        "updated_tuples": "['asus chromebook', 'LAPTOP#GENERAL', 'negative']"
    },
    {
        "line": 1241,
        "original_sentence": "the (2: keyboard) makes it easy to type notes quickly and write papers , and the backlit (2: keyboard) is a major plus .",
        "original_tuples": "[['keyboard', 'KEYBOARD#USABILITY', 'positive'], ['keyboard', 'KEYBOARD#USABILITY', 'positive'], ['backlit keyboard', 'KEYBOARD#DESIGN_FEATURES', 'positive']]\n",
        "translated_sentence": "キーボード を使用すると、メモをすばやく入力したり、論文を書いたりするのが簡単になり、バックライト付きの キーボード は大きな利点です。",
        "updated_tuples": "['キーボード', 'KEYBOARD#USABILITY', 'positive'], ['キーボード', 'KEYBOARD#USABILITY', 'positive'], ['backlit keyboard', 'KEYBOARD#DESIGN_FEATURES', 'positive']"
    },
    {
        "line": 1245,
        "original_sentence": "(1: google) is amazing .",
        "original_tuples": "[['google', 'COMPANY#GENERAL', 'positive']]\n",
        "translated_sentence": "（１：グーグル）はすごいですね。",
        "updated_tuples": "['google', 'COMPANY#GENERAL', 'positive']"
    },
    {
        "line": 1247,
        "original_sentence": "it is a good (1: product) to buy .",
        "original_tuples": "[['product', 'LAPTOP#GENERAL', 'positive']]\n",
        "translated_sentence": "それは買う価値のある（１：製品）です。",
        "updated_tuples": "['product', 'LAPTOP#GENERAL', 'positive']"
    },
    {
        "line": 1250,
        "original_sentence": "(1: monitor) looks crisp .",
        "original_tuples": "[['monitor', 'DISPLAY#OPERATION_PERFORMANCE', 'positive']]\n",
        "translated_sentence": "（１：モニター）は鮮明に見えます。",
        "updated_tuples": "['monitor', 'DISPLAY#OPERATION_PERFORMANCE', 'positive']"
    }
]