[
    {
        "line": 154,
        "original_sentence": "absolutly horrible (1: product) , cheap (2: components) make for unreliable (1: product)s , but when the nearest (4: service location) is 50 + miles away i wonder how much (5: apple) truly cares ?",
        "original_tuples": "[['product', 'LAPTOP#GENERAL', 'negative'], ['components', 'LAPTOP#PRICE', 'negative'], ['products', 'LAPTOP#QUALITY', 'negative'], ['service location', 'SUPPORT#GENERAL', 'negative'], ['apple', 'COMPANY#GENERAL', 'negative']]\n",
        "translated_sentence": "apsolutno užasan proizvod, jeftin komponente čini nepouzdanim proizvod, ali kad je najbliži mjesto servisa udaljen 50+ milja, pitam se koliko jabuka doista brine ?",
        "updated_tuples": "['proizvod', 'LAPTOP#GENERAL', 'negative'], ['komponente', 'LAPTOP#PRICE', 'negative'], ['products', 'LAPTOP#QUALITY', 'negative'], ['mjesto servisa', 'SUPPORT#GENERAL', 'negative'], ['jabuka', 'COMPANY#GENERAL', 'negative']"
    },
    {
        "line": 630,
        "original_sentence": "the one drawback is that it uses more energy than most (1: apps) on the mbp ( especially word , not so much with excel or ppt ) , so i ' ve been using (2: google docs / drive) in safari ( (3: chrome) is also an energy hog ) if i ' m away from a power source and the task is light enough .",
        "original_tuples": "[['apps', 'SOFTWARE#OPERATION_PERFORMANCE', 'negative'], ['google docs / drive', 'SOFTWARE#GENERAL', 'neutral'], ['chrome', 'SOFTWARE#OPERATION_PERFORMANCE', 'negative']]\n",
        "translated_sentence": "Jedini nedostatak je što koristi više energije nego većina aplikacije na mbp-u (posebno Word, ne toliko s excelom ili ppt-om), pa sam koristio google docs/drive u safariju (( 3: krom) također troši energiju) ako sam udaljen od izvora energije, a zadatak je dovoljno lagan.",
        "updated_tuples": "['aplikacije', 'SOFTWARE#OPERATION_PERFORMANCE', 'negative'], ['google docs/drive', 'SOFTWARE#GENERAL', 'neutral'], ['chrome', 'SOFTWARE#OPERATION_PERFORMANCE', 'negative']"
    },
    {
        "line": 731,
        "original_sentence": "the (1: trackpad) is awful as are most acer (1: trackpad)s .",
        "original_tuples": "[['trackpad', 'HARDWARE#OPERATION_PERFORMANCE', 'negative'], ['acer trackpads', 'HARDWARE#OPERATION_PERFORMANCE', 'negative']]\n",
        "translated_sentence": "trackpad je grozan kao i većina acerovih trackpad.",
        "updated_tuples": "['trackpad', 'HARDWARE#OPERATION_PERFORMANCE', 'negative'], ['acer trackpads', 'HARDWARE#OPERATION_PERFORMANCE', 'negative']"
    },
    {
        "line": 1211,
        "original_sentence": "works great as a (1: chromebook) but (1: chromebook)s are still very limited for android compatibility , at least this one is .",
        "original_tuples": "[['chromebook', 'LAPTOP#OPERATION_PERFORMANCE', 'positive'], ['chromebooks', 'LAPTOP#USABILITY', 'negative']]\n",
        "translated_sentence": "radi odlično kao chromebook, ali chromebook su još uvijek vrlo ograničeni za kompatibilnost s androidom, barem je ovaj.",
        "updated_tuples": "['chromebook', 'LAPTOP#OPERATION_PERFORMANCE', 'positive'], ['chromebooks', 'LAPTOP#USABILITY', 'negative']"
    },
    {
        "line": 1241,
        "original_sentence": "the (2: keyboard) makes it easy to type notes quickly and write papers , and the backlit (2: keyboard) is a major plus .",
        "original_tuples": "[['keyboard', 'KEYBOARD#USABILITY', 'positive'], ['keyboard', 'KEYBOARD#USABILITY', 'positive'], ['backlit keyboard', 'KEYBOARD#DESIGN_FEATURES', 'positive']]\n",
        "translated_sentence": "tipkovnica olakšava brzo upisivanje bilješki i pisanje radova, a pozadinsko osvjetljenje tipkovnica veliki je plus.",
        "updated_tuples": "['tipkovnica', 'KEYBOARD#USABILITY', 'positive'], ['tipkovnica', 'KEYBOARD#USABILITY', 'positive'], ['backlit keyboard', 'KEYBOARD#DESIGN_FEATURES', 'positive']"
    }
]