[
    {
        "line": 75,
        "original_sentence": "this new generation macbook has a fast (1: processor) , great (2: retina display) , 13 inch high resolution (3: screen) , great (4: compatibility) and many more .",
        "original_tuples": "[['processor', 'CPU#OPERATION_PERFORMANCE', 'positive'], ['retina display', 'DISPLAY#GENERAL', 'positive'], ['screen', 'DISPLAY#QUALITY', 'positive'], ['compatibility', 'LAPTOP#USABILITY', 'positive']]\n",
        "translated_sentence": "esta nova geração do macbook tem um processador rápido (1), ótimo tela retina, tela de 13 polegadas de alta resolução (3), ótimo compatibilidade e muito mais.",
        "updated_tuples": "['processor', 'CPU#OPERATION_PERFORMANCE', 'positive'], ['tela retina', 'DISPLAY#GENERAL', 'positive'], ['screen', 'DISPLAY#QUALITY', 'positive'], ['compatibilidade', 'LAPTOP#USABILITY', 'positive']"
    },
    {
        "line": 154,
        "original_sentence": "absolutly horrible (1: product) , cheap (2: components) make for unreliable (1: product)s , but when the nearest (4: service location) is 50 + miles away i wonder how much (5: apple) truly cares ?",
        "original_tuples": "[['product', 'LAPTOP#GENERAL', 'negative'], ['components', 'LAPTOP#PRICE', 'negative'], ['products', 'LAPTOP#QUALITY', 'negative'], ['service location', 'SUPPORT#GENERAL', 'negative'], ['apple', 'COMPANY#GENERAL', 'negative']]\n",
        "translated_sentence": "absolutamente horrível produto, barato componentes resulta em (1: produtos) não confiáveis, mas quando o local de serviço mais próximo está a mais de 80 quilômetros de distância, eu me pergunto o quanto Apple realmente se importa?",
        "updated_tuples": "['produto', 'LAPTOP#GENERAL', 'negative'], ['componentes', 'LAPTOP#PRICE', 'negative'], ['products', 'LAPTOP#QUALITY', 'negative'], ['local de serviço', 'SUPPORT#GENERAL', 'negative'], ['Apple', 'COMPANY#GENERAL', 'negative']"
    },
    {
        "line": 288,
        "original_sentence": "i got a replacement (1: unit) and it had the same issue .",
        "original_tuples": "[['unit', 'LAPTOP#OPERATION_PERFORMANCE', 'negative']]\n",
        "translated_sentence": "Comprei uma unidade de substituição (1) e ela teve o mesmo problema.",
        "updated_tuples": "['unit', 'LAPTOP#OPERATION_PERFORMANCE', 'negative']"
    },
    {
        "line": 314,
        "original_sentence": "i ' m running it at 2500x1400 (2: resolution) extremely thin and lightweight .",
        "original_tuples": "[['resolution', 'DISPLAY#DESIGN_FEATURES', 'positive'], ['resolution', 'DISPLAY#DESIGN_FEATURES', 'positive']]\n",
        "translated_sentence": "estou executando em 2500x1400 (resolução 2:) extremamente fino e leve.",
        "updated_tuples": "['resolution', 'DISPLAY#DESIGN_FEATURES', 'positive'], ['resolution', 'DISPLAY#DESIGN_FEATURES', 'positive']"
    },
    {
        "line": 387,
        "original_sentence": "the new (3: pro model) is very light and compact , and can easily be carried around with you every day .",
        "original_tuples": "[['pro model', 'LAPTOP#DESIGN_FEATURES', 'positive'], ['pro model', 'LAPTOP#DESIGN_FEATURES', 'positive'], ['pro model', 'LAPTOP#PORTABILITY', 'positive']]\n",
        "translated_sentence": "o novo (modelo 3: pro) é muito leve e compacto e pode ser facilmente transportado com você todos os dias.",
        "updated_tuples": "['pro model', 'LAPTOP#DESIGN_FEATURES', 'positive'], ['pro model', 'LAPTOP#DESIGN_FEATURES', 'positive'], ['pro model', 'LAPTOP#PORTABILITY', 'positive']"
    },
    {
        "line": 545,
        "original_sentence": "i predict based on tests performed by other users on youtube with battlefield 4 ( frostbyte 3 engine ) that this (1: machine) will perform well with the impending starwars battlefront ( also frostbyte 3 ) .",
        "original_tuples": "[['machine', 'LAPTOP#OPERATION_PERFORMANCE', 'positive']]\n",
        "translated_sentence": "Eu prevejo com base em testes realizados por outros usuários no YouTube com o Battlefield 4 (mecanismo Frostbyte 3) que esta (máquina 1:) terá um bom desempenho com o iminente Star Wars Battlefront (também Frostbyte 3).",
        "updated_tuples": "['machine', 'LAPTOP#OPERATION_PERFORMANCE', 'positive']"
    },
    {
        "line": 612,
        "original_sentence": "slim , very fast , great (3: screen) , lightweight , solid state drives , great (5: battery) ( even though it burns the (5: battery) life when i play my flight simulator due to processing demands of the graphics ! )",
        "original_tuples": "[['NULL', 'LAPTOP#DESIGN_FEATURES', 'positive'], ['NULL', 'LAPTOP#OPERATION_PERFORMANCE', 'positive'], ['screen', 'DISPLAY#GENERAL', 'positive'], ['NULL', 'LAPTOP#DESIGN_FEATURES', 'positive'], ['battery', 'BATTERY#OPERATION_PERFORMANCE', 'positive']]\n",
        "translated_sentence": "fino, muito rápido, ótimo (tela 3), leve, drives de estado sólido, ótimo (bateria 5) (embora ele gaste a bateria 5 quando jogo meu simulador de voo devido às demandas de processamento dos gráficos!)",
        "updated_tuples": "['NULL', 'LAPTOP#DESIGN_FEATURES', 'positive'], ['NULL', 'LAPTOP#OPERATION_PERFORMANCE', 'positive'], ['screen', 'DISPLAY#GENERAL', 'positive'], ['NULL', 'LAPTOP#DESIGN_FEATURES', 'positive'], ['battery', 'BATTERY#OPERATION_PERFORMANCE', 'positive']"
    },
    {
        "line": 632,
        "original_sentence": "the (1: battery) lasts a solid 8 + hours unless you ' re playing games its more like 4 - 5 .",
        "original_tuples": "[['battery', 'BATTERY#OPERATION_PERFORMANCE', 'positive']]\n",
        "translated_sentence": "a bateria (1) dura sólidas 8 horas ou mais, a menos que você esteja jogando, é mais como 4 a 5.",
        "updated_tuples": "['battery', 'BATTERY#OPERATION_PERFORMANCE', 'positive']"
    },
    {
        "line": 634,
        "original_sentence": "at the time of this posting , this (1: model) was going only for 1800 for the 512gb with a dedicated video card .",
        "original_tuples": "[['model', 'LAPTOP#GENERAL', 'positive']]\n",
        "translated_sentence": "no momento desta postagem, este (modelo 1) estava custando apenas 1800 para o modelo de 512 GB com placa de vídeo dedicada.",
        "updated_tuples": "['model', 'LAPTOP#GENERAL', 'positive']"
    },
    {
        "line": 652,
        "original_sentence": "superb value for money and powerful performance from this (2: quad core computer) .",
        "original_tuples": "[['quad core computer', 'LAPTOP#OPERATION_PERFORMANCE', 'positive'], ['quad core computer', 'LAPTOP#PRICE', 'positive']]\n",
        "translated_sentence": "excelente custo-benefício e desempenho poderoso deste (computador quad core 2).",
        "updated_tuples": "['quad core computer', 'LAPTOP#OPERATION_PERFORMANCE', 'positive'], ['quad core computer', 'LAPTOP#PRICE', 'positive']"
    },
    {
        "line": 731,
        "original_sentence": "the (1: trackpad) is awful as are most acer (1: trackpad)s .",
        "original_tuples": "[['trackpad', 'HARDWARE#OPERATION_PERFORMANCE', 'negative'], ['acer trackpads', 'HARDWARE#OPERATION_PERFORMANCE', 'negative']]\n",
        "translated_sentence": "o trackpad é horrível, assim como a maioria dos (1: trackpads) da Acer.",
        "updated_tuples": "['trackpad', 'HARDWARE#OPERATION_PERFORMANCE', 'negative'], ['acer trackpads', 'HARDWARE#OPERATION_PERFORMANCE', 'negative']"
    },
    {
        "line": 914,
        "original_sentence": "i work with an it company and we ' re testing an all (1: android environment) and it ' s working out pretty well so far .",
        "original_tuples": "[['android environment', 'SOFTWARE#OPERATION_PERFORMANCE', 'positive']]\n",
        "translated_sentence": "Eu trabalho com uma empresa de TI e estamos testando um ambiente Android (1) e está funcionando muito bem até agora.",
        "updated_tuples": "['android environment', 'SOFTWARE#OPERATION_PERFORMANCE', 'positive']"
    },
    {
        "line": 1077,
        "original_sentence": "i typically love acers ( i have a regular laptop ) but this (1: machine) has been a nightmare .",
        "original_tuples": "[['machine', 'LAPTOP#GENERAL', 'negative']]\n",
        "translated_sentence": "Eu normalmente adoro Acers (tenho um laptop comum), mas esta (máquina 1) tem sido um pesadelo.",
        "updated_tuples": "['machine', 'LAPTOP#GENERAL', 'negative']"
    },
    {
        "line": 1211,
        "original_sentence": "works great as a (1: chromebook) but (1: chromebook)s are still very limited for android compatibility , at least this one is .",
        "original_tuples": "[['chromebook', 'LAPTOP#OPERATION_PERFORMANCE', 'positive'], ['chromebooks', 'LAPTOP#USABILITY', 'negative']]\n",
        "translated_sentence": "funciona muito bem como um chromebook, mas chromebooks ainda são muito limitados para compatibilidade com Android, pelo menos este é.",
        "updated_tuples": "['chromebook', 'LAPTOP#OPERATION_PERFORMANCE', 'positive'], ['chromebooks', 'LAPTOP#USABILITY', 'negative']"
    },
    {
        "line": 1241,
        "original_sentence": "the (2: keyboard) makes it easy to type notes quickly and write papers , and the backlit (2: keyboard) is a major plus .",
        "original_tuples": "[['keyboard', 'KEYBOARD#USABILITY', 'positive'], ['keyboard', 'KEYBOARD#USABILITY', 'positive'], ['backlit keyboard', 'KEYBOARD#DESIGN_FEATURES', 'positive']]\n",
        "translated_sentence": "o teclado facilita a digitação rápida de notas e a redação de trabalhos, e o teclado retroiluminado é uma grande vantagem.",
        "updated_tuples": "['teclado', 'KEYBOARD#USABILITY', 'positive'], ['teclado', 'KEYBOARD#USABILITY', 'positive'], ['backlit keyboard', 'KEYBOARD#DESIGN_FEATURES', 'positive']"
    }
]