[
    {
        "line": 154,
        "original_sentence": "absolutly horrible (1: product) , cheap (2: components) make for unreliable (1: product)s , but when the nearest (4: service location) is 50 + miles away i wonder how much (5: apple) truly cares ?",
        "original_tuples": "[['product', 'LAPTOP#GENERAL', 'negative'], ['components', 'LAPTOP#PRICE', 'negative'], ['products', 'LAPTOP#QUALITY', 'negative'], ['service location', 'SUPPORT#GENERAL', 'negative'], ['apple', 'COMPANY#GENERAL', 'negative']]\n",
        "translated_sentence": "absolut forfærdelig produkt, billig komponenter giver upålidelige produkt s, men når den nærmeste serviceplacering er 50 + miles væk, spekulerer jeg på, hvor meget æble egentlig bekymrer sig ?",
        "updated_tuples": "['produkt', 'LAPTOP#GENERAL', 'negative'], ['komponenter', 'LAPTOP#PRICE', 'negative'], ['products', 'LAPTOP#QUALITY', 'negative'], ['serviceplacering', 'SUPPORT#GENERAL', 'negative'], ['æble', 'COMPANY#GENERAL', 'negative']"
    },
    {
        "line": 630,
        "original_sentence": "the one drawback is that it uses more energy than most (1: apps) on the mbp ( especially word , not so much with excel or ppt ) , so i ' ve been using (2: google docs / drive) in safari ( (3: chrome) is also an energy hog ) if i ' m away from a power source and the task is light enough .",
        "original_tuples": "[['apps', 'SOFTWARE#OPERATION_PERFORMANCE', 'negative'], ['google docs / drive', 'SOFTWARE#GENERAL', 'neutral'], ['chrome', 'SOFTWARE#OPERATION_PERFORMANCE', 'negative']]\n",
        "translated_sentence": "den ene ulempe er, at den bruger mere energi end de fleste apps på mbp (især word, ikke så meget med excel eller ppt), så jeg har brugt google docs/drive i safari (( 3: krom) er også et energisvin), hvis jeg er væk fra en strømkilde, og opgaven er let nok.",
        "updated_tuples": "['apps', 'SOFTWARE#OPERATION_PERFORMANCE', 'negative'], ['google docs/drive', 'SOFTWARE#GENERAL', 'neutral'], ['chrome', 'SOFTWARE#OPERATION_PERFORMANCE', 'negative']"
    },
    {
        "line": 731,
        "original_sentence": "the (1: trackpad) is awful as are most acer (1: trackpad)s .",
        "original_tuples": "[['trackpad', 'HARDWARE#OPERATION_PERFORMANCE', 'negative'], ['acer trackpads', 'HARDWARE#OPERATION_PERFORMANCE', 'negative']]\n",
        "translated_sentence": "pegefeltet er forfærdeligt, ligesom de fleste acer (1: pegefelt) er.",
        "updated_tuples": "['pegefeltet', 'HARDWARE#OPERATION_PERFORMANCE', 'negative'], ['acer trackpads', 'HARDWARE#OPERATION_PERFORMANCE', 'negative']"
    },
    {
        "line": 1211,
        "original_sentence": "works great as a (1: chromebook) but (1: chromebook)s are still very limited for android compatibility , at least this one is .",
        "original_tuples": "[['chromebook', 'LAPTOP#OPERATION_PERFORMANCE', 'positive'], ['chromebooks', 'LAPTOP#USABILITY', 'negative']]\n",
        "translated_sentence": "fungerer godt som en chromebook, men chromebook er stadig meget begrænset til Android-kompatibilitet, i det mindste er denne .",
        "updated_tuples": "['chromebook', 'LAPTOP#OPERATION_PERFORMANCE', 'positive'], ['chromebooks', 'LAPTOP#USABILITY', 'negative']"
    },
    {
        "line": 1241,
        "original_sentence": "the (2: keyboard) makes it easy to type notes quickly and write papers , and the backlit (2: keyboard) is a major plus .",
        "original_tuples": "[['keyboard', 'KEYBOARD#USABILITY', 'positive'], ['keyboard', 'KEYBOARD#USABILITY', 'positive'], ['backlit keyboard', 'KEYBOARD#DESIGN_FEATURES', 'positive']]\n",
        "translated_sentence": "tastatur gør det nemt at skrive noter hurtigt og skrive papirer, og det baggrundsbelyste tastatur er et stort plus.",
        "updated_tuples": "['tastatur', 'KEYBOARD#USABILITY', 'positive'], ['tastatur', 'KEYBOARD#USABILITY', 'positive'], ['backlit keyboard', 'KEYBOARD#DESIGN_FEATURES', 'positive']"
    }
]