[
    {
        "line": 7,
        "original_sentence": "i purchased this (1: item) 7 months ago and i love it .",
        "original_tuples": "[['item', 'LAPTOP#GENERAL', 'positive']]\n",
        "translated_sentence": "Compré este (1 artículo) hace 7 meses y me encanta.",
        "updated_tuples": "['item', 'LAPTOP#GENERAL', 'positive']"
    },
    {
        "line": 33,
        "original_sentence": "pros : nice size , clear (2: screen) , quick on start up , very functional and easy to use .",
        "original_tuples": "[['NULL', 'LAPTOP#DESIGN_FEATURES', 'positive'], ['screen', 'DISPLAY#GENERAL', 'positive'], ['NULL', 'LAPTOP#OPERATION_PERFORMANCE', 'positive'], ['NULL', 'LAPTOP#USABILITY', 'positive']]\n",
        "translated_sentence": "Ventajas: buen tamaño, claro (pantalla de 2 pulgadas), inicio rápido, muy funcional y fácil de usar.",
        "updated_tuples": "['NULL', 'LAPTOP#DESIGN_FEATURES', 'positive'], ['screen', 'DISPLAY#GENERAL', 'positive'], ['NULL', 'LAPTOP#OPERATION_PERFORMANCE', 'positive'], ['NULL', 'LAPTOP#USABILITY', 'positive']"
    },
    {
        "line": 58,
        "original_sentence": "i will say , however , that the (1: screen) is kind of awful .",
        "original_tuples": "[['screen', 'DISPLAY#QUALITY', 'negative']]\n",
        "translated_sentence": "Debo decir, sin embargo, que la (pantalla 1) es bastante horrible.",
        "updated_tuples": "['screen', 'DISPLAY#QUALITY', 'negative']"
    },
    {
        "line": 77,
        "original_sentence": "it ' s light and thin , and overall the (3: screen) is pretty good .",
        "original_tuples": "[['NULL', 'LAPTOP#DESIGN_FEATURES', 'positive'], ['NULL', 'LAPTOP#DESIGN_FEATURES', 'positive'], ['screen', 'DISPLAY#GENERAL', 'positive']]\n",
        "translated_sentence": "Es ligero y delgado, y en general la (pantalla 3:) es bastante buena.",
        "updated_tuples": "['NULL', 'LAPTOP#DESIGN_FEATURES', 'positive'], ['NULL', 'LAPTOP#DESIGN_FEATURES', 'positive'], ['screen', 'DISPLAY#GENERAL', 'positive']"
    },
    {
        "line": 83,
        "original_sentence": "best for : if you are looking for a travel (2: laptop) and are planning on doing light work this is an amazing buy for the price .",
        "original_tuples": "[['laptop', 'LAPTOP#PORTABILITY', 'positive'], ['laptop', 'LAPTOP#PRICE', 'positive']]\n",
        "translated_sentence": "Ideal para: si buscas una computadora portátil para viajar (2ª generación) y planeas realizar trabajos livianos, esta es una compra increíble por el precio.",
        "updated_tuples": "['laptop', 'LAPTOP#PORTABILITY', 'positive'], ['laptop', 'LAPTOP#PRICE', 'positive']"
    },
    {
        "line": 92,
        "original_sentence": "i was a bit apprehensive at first will ordering such an expensive (2: item) online , but it was delivered in perfect new condition .",
        "original_tuples": "[['item', 'LAPTOP#PRICE', 'negative'], ['item', 'SHIPPING#QUALITY', 'negative']]\n",
        "translated_sentence": "Al principio tenía algunas dudas sobre pedir un artículo tan caro (2 artículos) por Internet, pero me lo entregaron en perfectas condiciones.",
        "updated_tuples": "['item', 'LAPTOP#PRICE', 'negative'], ['item', 'SHIPPING#QUALITY', 'negative']"
    },
    {
        "line": 105,
        "original_sentence": "overall , i ' m very happy i chose this (1: model) .",
        "original_tuples": "[['model', 'LAPTOP#GENERAL', 'positive']]\n",
        "translated_sentence": "En general, estoy muy contento de haber elegido este (modelo 1).",
        "updated_tuples": "['model', 'LAPTOP#GENERAL', 'positive']"
    },
    {
        "line": 146,
        "original_sentence": "one of the first things i noticed after firing up this (2: device) was how quiet and effortlessly it performs all tasks that i ask of it .",
        "original_tuples": "[['device', 'LAPTOP#OPERATION_PERFORMANCE', 'positive'], ['device', 'LAPTOP#OPERATION_PERFORMANCE', 'positive']]\n",
        "translated_sentence": "Una de las primeras cosas que noté después de encender este (dispositivo 2) fue lo silencioso y sin esfuerzo que realiza todas las tareas que le pido.",
        "updated_tuples": "['device', 'LAPTOP#OPERATION_PERFORMANCE', 'positive'], ['device', 'LAPTOP#OPERATION_PERFORMANCE', 'positive']"
    },
    {
        "line": 154,
        "original_sentence": "absolutly horrible (1: product) , cheap (2: components) make for unreliable (1: product)s , but when the nearest (4: service location) is 50 + miles away i wonder how much (5: apple) truly cares ?",
        "original_tuples": "[['product', 'LAPTOP#GENERAL', 'negative'], ['components', 'LAPTOP#PRICE', 'negative'], ['products', 'LAPTOP#QUALITY', 'negative'], ['service location', 'SUPPORT#GENERAL', 'negative'], ['apple', 'COMPANY#GENERAL', 'negative']]\n",
        "translated_sentence": "absolutamente horrible producto, barato componentes hacen que los (1: productos) no sean confiables, pero cuando el lugar de servicio más cercano está a más de 50 millas de distancia, me pregunto cuánto le importa realmente a Apple.",
        "updated_tuples": "['producto', 'LAPTOP#GENERAL', 'negative'], ['componentes', 'LAPTOP#PRICE', 'negative'], ['products', 'LAPTOP#QUALITY', 'negative'], ['lugar de servicio', 'SUPPORT#GENERAL', 'negative'], ['Apple', 'COMPANY#GENERAL', 'negative']"
    },
    {
        "line": 159,
        "original_sentence": "how can a brand new (1: computer) not charge properly ?",
        "original_tuples": "[['computer', 'LAPTOP#OPERATION_PERFORMANCE', 'negative']]\n",
        "translated_sentence": "¿Cómo puede ser que una computadora nueva no se cargue correctamente?",
        "updated_tuples": "['computer', 'LAPTOP#OPERATION_PERFORMANCE', 'negative']"
    },
    {
        "line": 193,
        "original_sentence": "if you do n ' t need a full blown (1: laptop) this is a good choice .",
        "original_tuples": "[['laptop', 'LAPTOP#GENERAL', 'positive']]\n",
        "translated_sentence": "Si no necesitas una computadora portátil completa, esta es una buena opción.",
        "updated_tuples": "['laptop', 'LAPTOP#GENERAL', 'positive']"
    },
    {
        "line": 252,
        "original_sentence": "(1: samsung ' s warranty) process was not working properly for this device .",
        "original_tuples": "[[\"samsung ' s warranty\", 'WARRANTY#GENERAL', 'negative']]\n",
        "translated_sentence": "(1: El proceso de garantía de Samsung no funcionaba correctamente para este dispositivo.",
        "updated_tuples": "['samsung ' s warranty', 'WARRANTY#GENERAL', 'negative']"
    },
    {
        "line": 258,
        "original_sentence": "great price for a nice (2: laptop) .",
        "original_tuples": "[['laptop', 'LAPTOP#PRICE', 'positive'], ['laptop', 'LAPTOP#PRICE', 'positive']]\n",
        "translated_sentence": "Excelente precio para una linda computadora portátil (2).",
        "updated_tuples": "['laptop', 'LAPTOP#PRICE', 'positive'], ['laptop', 'LAPTOP#PRICE', 'positive']"
    },
    {
        "line": 314,
        "original_sentence": "i ' m running it at 2500x1400 (2: resolution) extremely thin and lightweight .",
        "original_tuples": "[['resolution', 'DISPLAY#DESIGN_FEATURES', 'positive'], ['resolution', 'DISPLAY#DESIGN_FEATURES', 'positive']]\n",
        "translated_sentence": "Lo estoy ejecutando a 2500x1400 (resolución 2:) extremadamente delgado y liviano.",
        "updated_tuples": "['resolution', 'DISPLAY#DESIGN_FEATURES', 'positive'], ['resolution', 'DISPLAY#DESIGN_FEATURES', 'positive']"
    },
    {
        "line": 323,
        "original_sentence": "the (2: keyboard) is clicky , has decent amount of travel , and is backlit .",
        "original_tuples": "[['keyboard', 'KEYBOARD#DESIGN_FEATURES', 'positive'], ['keyboard', 'KEYBOARD#DESIGN_FEATURES', 'positive']]\n",
        "translated_sentence": "El teclado (2) es fácil de pulsar, tiene un recorrido decente y está retroiluminado.",
        "updated_tuples": "['keyboard', 'KEYBOARD#DESIGN_FEATURES', 'positive'], ['keyboard', 'KEYBOARD#DESIGN_FEATURES', 'positive']"
    },
    {
        "line": 355,
        "original_sentence": "the (2: screen) is pleasantly satisfying with the touch (2: screen) and foldability .",
        "original_tuples": "[['screen', 'DISPLAY#DESIGN_FEATURES', 'positive'], ['screen', 'DISPLAY#DESIGN_FEATURES', 'positive']]\n",
        "translated_sentence": "La (pantalla 2:) es agradablemente satisfactoria con el tacto (pantalla 2:) y la capacidad de plegarse.",
        "updated_tuples": "['screen', 'DISPLAY#DESIGN_FEATURES', 'positive'], ['screen', 'DISPLAY#DESIGN_FEATURES', 'positive']"
    },
    {
        "line": 356,
        "original_sentence": "- the (3: aluminum build) is firm and solid without feeling cheap .",
        "original_tuples": "[['aluminum build', 'LAPTOP#QUALITY', 'positive'], ['aluminum build', 'LAPTOP#QUALITY', 'positive'], ['aluminum build', 'LAPTOP#QUALITY', 'positive']]\n",
        "translated_sentence": "- La (construcción de aluminio 3:) es firme y sólida sin sentirse barata.",
        "updated_tuples": "['aluminum build', 'LAPTOP#QUALITY', 'positive'], ['aluminum build', 'LAPTOP#QUALITY', 'positive'], ['aluminum build', 'LAPTOP#QUALITY', 'positive']"
    },
    {
        "line": 382,
        "original_sentence": "for the price , it ' s a solid (1: laptop) .",
        "original_tuples": "[['laptop', 'LAPTOP#PRICE', 'positive']]\n",
        "translated_sentence": "Por el precio, es una computadora portátil sólida.",
        "updated_tuples": "['laptop', 'LAPTOP#PRICE', 'positive']"
    },
    {
        "line": 406,
        "original_sentence": "the (2: touchpad) is hard and clunky .",
        "original_tuples": "[['touchpad', 'HARDWARE#OPERATION_PERFORMANCE', 'negative'], ['touchpad', 'HARDWARE#OPERATION_PERFORMANCE', 'negative']]\n",
        "translated_sentence": "El panel táctil (2) es duro y torpe.",
        "updated_tuples": "['touchpad', 'HARDWARE#OPERATION_PERFORMANCE', 'negative'], ['touchpad', 'HARDWARE#OPERATION_PERFORMANCE', 'negative']"
    },
    {
        "line": 424,
        "original_sentence": "it ' s lightweight , has a long (1: battery life) and although it ' s smaller than a standard laptop , the (3: keyboard) is easy to use .",
        "original_tuples": "[['battery life', 'BATTERY#QUALITY', 'positive'], ['NULL', 'LAPTOP#DESIGN_FEATURES', 'neutral'], ['keyboard', 'KEYBOARD#GENERAL', 'positive']]\n",
        "translated_sentence": "Es liviano, tiene una batería de larga duración y, aunque es más pequeño que una computadora portátil estándar, el teclado es fácil de usar.",
        "updated_tuples": "['battery life', 'BATTERY#QUALITY', 'positive'], ['NULL', 'LAPTOP#DESIGN_FEATURES', 'neutral'], ['keyboard', 'KEYBOARD#GENERAL', 'positive']"
    },
    {
        "line": 458,
        "original_sentence": "what ' s not to like , it ' s an amazing (1: machine) .",
        "original_tuples": "[['machine', 'LAPTOP#GENERAL', 'positive']]\n",
        "translated_sentence": "¿Qué es lo que no te puede gustar? Es una máquina increíble.",
        "updated_tuples": "['machine', 'LAPTOP#GENERAL', 'positive']"
    },
    {
        "line": 468,
        "original_sentence": "the (1: screen) is nice .",
        "original_tuples": "[['screen', 'DISPLAY#GENERAL', 'positive']]\n",
        "translated_sentence": "La (pantalla 1) es bonita.",
        "updated_tuples": "['screen', 'DISPLAY#GENERAL', 'positive']"
    },
    {
        "line": 480,
        "original_sentence": "playing a movie couldn ' t even last the duration of the movie on the (1: battery) , again , disappointing .",
        "original_tuples": "[['battery', 'BATTERY#OPERATION_PERFORMANCE', 'negative']]\n",
        "translated_sentence": "Reproducir una película ni siquiera pudo durar la duración de la película en la (batería 1), nuevamente, decepcionante.",
        "updated_tuples": "['battery', 'BATTERY#OPERATION_PERFORMANCE', 'negative']"
    },
    {
        "line": 482,
        "original_sentence": "the (2: keyboard) is spacious , and has a nice tactile feel .",
        "original_tuples": "[['keyboard', 'KEYBOARD#DESIGN_FEATURES', 'positive'], ['keyboard', 'KEYBOARD#OPERATION_PERFORMANCE', 'positive']]\n",
        "translated_sentence": "El teclado (2) es espacioso y tiene una sensación táctil agradable.",
        "updated_tuples": "['keyboard', 'KEYBOARD#DESIGN_FEATURES', 'positive'], ['keyboard', 'KEYBOARD#OPERATION_PERFORMANCE', 'positive']"
    },
    {
        "line": 563,
        "original_sentence": "the overall (2: unit) has a slim profile , and is light weight .",
        "original_tuples": "[['unit', 'LAPTOP#DESIGN_FEATURES', 'positive'], ['unit', 'LAPTOP#DESIGN_FEATURES', 'positive']]\n",
        "translated_sentence": "El conjunto (unidad 2) tiene un perfil delgado y es liviano.",
        "updated_tuples": "['unit', 'LAPTOP#DESIGN_FEATURES', 'positive'], ['unit', 'LAPTOP#DESIGN_FEATURES', 'positive']"
    },
    {
        "line": 570,
        "original_sentence": "the (1: keyboard) is a delight with large , nearly flush , keys set to just the right level of resistance and sensitivity .",
        "original_tuples": "[['keyboard', 'KEYBOARD#DESIGN_FEATURES', 'positive']]\n",
        "translated_sentence": "El teclado (1) es una delicia, con teclas grandes, casi alineadas, configuradas con el nivel justo de resistencia y sensibilidad.",
        "updated_tuples": "['keyboard', 'KEYBOARD#DESIGN_FEATURES', 'positive']"
    },
    {
        "line": 611,
        "original_sentence": "the (1: screen) looks good despite some other reviews .",
        "original_tuples": "[['screen', 'DISPLAY#GENERAL', 'positive']]\n",
        "translated_sentence": "La (pantalla 1) se ve bien a pesar de algunas otras críticas.",
        "updated_tuples": "['screen', 'DISPLAY#GENERAL', 'positive']"
    },
    {
        "line": 615,
        "original_sentence": "it ' s a pretty good (1: laptop) .",
        "original_tuples": "[['laptop', 'LAPTOP#GENERAL', 'positive']]\n",
        "translated_sentence": "Es una computadora portátil bastante buena (1).",
        "updated_tuples": "['laptop', 'LAPTOP#GENERAL', 'positive']"
    },
    {
        "line": 629,
        "original_sentence": "- the (1: screen) is great in all aspects .",
        "original_tuples": "[['screen', 'DISPLAY#GENERAL', 'positive']]\n",
        "translated_sentence": "- La (pantalla 1) es genial en todos los aspectos.",
        "updated_tuples": "['screen', 'DISPLAY#GENERAL', 'positive']"
    },
    {
        "line": 632,
        "original_sentence": "the (1: battery) lasts a solid 8 + hours unless you ' re playing games its more like 4 - 5 .",
        "original_tuples": "[['battery', 'BATTERY#OPERATION_PERFORMANCE', 'positive']]\n",
        "translated_sentence": "La batería (1) dura unas sólidas 8 horas, a menos que estés jugando, es más bien entre 4 y 5 horas.",
        "updated_tuples": "['battery', 'BATTERY#OPERATION_PERFORMANCE', 'positive']"
    },
    {
        "line": 634,
        "original_sentence": "at the time of this posting , this (1: model) was going only for 1800 for the 512gb with a dedicated video card .",
        "original_tuples": "[['model', 'LAPTOP#GENERAL', 'positive']]\n",
        "translated_sentence": "En el momento de esta publicación, este (modelo 1) se vendía a solo 1800 dólares por el modelo de 512 GB con una tarjeta de video dedicada.",
        "updated_tuples": "['model', 'LAPTOP#GENERAL', 'positive']"
    },
    {
        "line": 662,
        "original_sentence": "this is a capable (1: chromebook) !",
        "original_tuples": "[['chromebook', 'LAPTOP#GENERAL', 'positive']]\n",
        "translated_sentence": "¡Este es un Chromebook capaz!",
        "updated_tuples": "['chromebook', 'LAPTOP#GENERAL', 'positive']"
    },
    {
        "line": 668,
        "original_sentence": "now audio in and out are combined in just one (1: port) .",
        "original_tuples": "[['port', 'PORTS#DESIGN_FEATURES', 'negative']]\n",
        "translated_sentence": "Ahora la entrada y salida de audio se combinan en un solo puerto (1).",
        "updated_tuples": "['port', 'PORTS#DESIGN_FEATURES', 'negative']"
    },
    {
        "line": 716,
        "original_sentence": "if your main priority is a long lasting (1: battery) this is n ' t for you .",
        "original_tuples": "[['battery', 'BATTERY#GENERAL', 'negative']]\n",
        "translated_sentence": "Si tu principal prioridad es una batería de larga duración (1), esto no es para ti.",
        "updated_tuples": "['battery', 'BATTERY#GENERAL', 'negative']"
    },
    {
        "line": 731,
        "original_sentence": "the (1: trackpad) is awful as are most acer (1: trackpad)s .",
        "original_tuples": "[['trackpad', 'HARDWARE#OPERATION_PERFORMANCE', 'negative'], ['acer trackpads', 'HARDWARE#OPERATION_PERFORMANCE', 'negative']]\n",
        "translated_sentence": "El trackpad es horrible, como lo son la mayoría de los trackpad de Acer.",
        "updated_tuples": "['trackpad', 'HARDWARE#OPERATION_PERFORMANCE', 'negative'], ['acer trackpads', 'HARDWARE#OPERATION_PERFORMANCE', 'negative']"
    },
    {
        "line": 746,
        "original_sentence": "even with the 2 - in - 1 flip hinge , the device has a solid feel and there ' s very little wobble in the (1: screen) while typing .",
        "original_tuples": "[['screen', 'DISPLAY#USABILITY', 'positive']]\n",
        "translated_sentence": "Incluso con la bisagra abatible 2 en 1, el dispositivo tiene una sensación de solidez y hay muy poca vibración en la (pantalla 1:) mientras se escribe.",
        "updated_tuples": "['screen', 'DISPLAY#USABILITY', 'positive']"
    },
    {
        "line": 760,
        "original_sentence": "i have had good luck with acer products but this (1: pc) was my 1st time i needed them for technical support .",
        "original_tuples": "[['pc', 'LAPTOP#GENERAL', 'negative']]\n",
        "translated_sentence": "He tenido buena suerte con los productos Acer, pero esta (PC 1) fue la primera vez que necesité su soporte técnico.",
        "updated_tuples": "['pc', 'LAPTOP#GENERAL', 'negative']"
    },
    {
        "line": 796,
        "original_sentence": "the (1: battery) will last a full day or two so it ' s very good for a middle school student .",
        "original_tuples": "[['battery', 'BATTERY#OPERATION_PERFORMANCE', 'positive']]\n",
        "translated_sentence": "La batería (1) durará un día completo o dos, por lo que es muy buena para un estudiante de secundaria.",
        "updated_tuples": "['battery', 'BATTERY#OPERATION_PERFORMANCE', 'positive']"
    },
    {
        "line": 802,
        "original_sentence": "with the windows 10 / directx 12 improvements , frostbite 3 games will do very well on this (1: machine) at 1050p graphics / medium / low with the new starwars game .",
        "original_tuples": "[['machine', 'LAPTOP#OPERATION_PERFORMANCE', 'positive']]\n",
        "translated_sentence": "Con las mejoras de Windows 10 / DirectX 12, los juegos Frostbite 3 funcionarán muy bien en esta (máquina 1:) con gráficos de 1050p / medio / bajo con el nuevo juego de Star Wars.",
        "updated_tuples": "['machine', 'LAPTOP#OPERATION_PERFORMANCE', 'positive']"
    },
    {
        "line": 806,
        "original_sentence": "the (1: screen) is great and the (2: unit) is fast .",
        "original_tuples": "[['screen', 'DISPLAY#GENERAL', 'positive'], ['unit', 'LAPTOP#OPERATION_PERFORMANCE', 'positive']]\n",
        "translated_sentence": "La (pantalla 1:) es genial y la (unidad 2:) es rápida.",
        "updated_tuples": "['screen', 'DISPLAY#GENERAL', 'positive'], ['unit', 'LAPTOP#OPERATION_PERFORMANCE', 'positive']"
    },
    {
        "line": 854,
        "original_sentence": "i especially loved the high ( er ) resolution (1: display) , compared to most other chromebooks .",
        "original_tuples": "[['display', 'DISPLAY#QUALITY', 'positive']]\n",
        "translated_sentence": "Me encantó especialmente la alta (er) resolución (pantalla 1:), en comparación con la mayoría de las otras Chromebooks.",
        "updated_tuples": "['display', 'DISPLAY#QUALITY', 'positive']"
    },
    {
        "line": 858,
        "original_sentence": "the (1: screen) is surprisingly poor .",
        "original_tuples": "[['screen', 'DISPLAY#GENERAL', 'negative']]\n",
        "translated_sentence": "La (pantalla 1) es sorprendentemente pobre.",
        "updated_tuples": "['screen', 'DISPLAY#GENERAL', 'negative']"
    },
    {
        "line": 890,
        "original_sentence": "also the (1: battery life) is great and lasts me an entire day ( i ' m usually on it all day too )",
        "original_tuples": "[['battery life', 'BATTERY#OPERATION_PERFORMANCE', 'positive']]\n",
        "translated_sentence": "Además, la duración de la batería es excelente y me dura un día entero (normalmente también lo uso todo el día).",
        "updated_tuples": "['battery life', 'BATTERY#OPERATION_PERFORMANCE', 'positive']"
    },
    {
        "line": 982,
        "original_sentence": "i am able to write , look up facts on the internet , and it has a pretty good (1: battery life) .",
        "original_tuples": "[['battery life', 'BATTERY#GENERAL', 'positive']]\n",
        "translated_sentence": "Puedo escribir, buscar datos en Internet y tiene una duración de batería bastante buena.",
        "updated_tuples": "['battery life', 'BATTERY#GENERAL', 'positive']"
    },
    {
        "line": 995,
        "original_sentence": "surprisingly fast for such a small (1: chrome book) .",
        "original_tuples": "[['chrome book', 'LAPTOP#OPERATION_PERFORMANCE', 'positive']]\n",
        "translated_sentence": "Sorprendentemente rápido para un Chromebook tan pequeño (1).",
        "updated_tuples": "['chrome book', 'LAPTOP#OPERATION_PERFORMANCE', 'positive']"
    },
    {
        "line": 1004,
        "original_sentence": "so again , the (1: battery) is surprisingly great .",
        "original_tuples": "[['battery', 'BATTERY#GENERAL', 'positive']]\n",
        "translated_sentence": "Así que, una vez más, la (batería 1) es sorprendentemente excelente.",
        "updated_tuples": "['battery', 'BATTERY#GENERAL', 'positive']"
    },
    {
        "line": 1016,
        "original_sentence": "when i play a game , there is noise on the (1: screen) .",
        "original_tuples": "[['screen', 'DISPLAY#OPERATION_PERFORMANCE', 'negative']]\n",
        "translated_sentence": "Cuando juego, hay ruido en la (pantalla 1).",
        "updated_tuples": "['screen', 'DISPLAY#OPERATION_PERFORMANCE', 'negative']"
    },
    {
        "line": 1054,
        "original_sentence": "yet , compare with other flip - style of chromebooks , the (1: screen) is sufficient for me to do my code .",
        "original_tuples": "[['screen', 'DISPLAY#USABILITY', 'positive']]\n",
        "translated_sentence": "Sin embargo, en comparación con otras Chromebooks de estilo flip, la (pantalla 1:) es suficiente para que pueda hacer mi código.",
        "updated_tuples": "['screen', 'DISPLAY#USABILITY', 'positive']"
    },
    {
        "line": 1083,
        "original_sentence": "note : i bought a refurbished / ` ` damaged ` ` (1: model) from amazon and it ' s in absolutely flawless condition .",
        "original_tuples": "[['model', 'LAPTOP#GENERAL', 'positive']]\n",
        "translated_sentence": "Nota: compré un modelo reacondicionado/dañado (modelo 1) en Amazon y está en perfectas condiciones.",
        "updated_tuples": "['model', 'LAPTOP#GENERAL', 'positive']"
    },
    {
        "line": 1203,
        "original_sentence": "(1: tapping) it on either end is hit or miss .",
        "original_tuples": "[['tapping', 'KEYBOARD#OPERATION_PERFORMANCE', 'negative']]\n",
        "translated_sentence": "(1: tocarlo en cualquiera de los extremos es impredecible.",
        "updated_tuples": "['tapping', 'KEYBOARD#OPERATION_PERFORMANCE', 'negative']"
    },
    {
        "line": 1211,
        "original_sentence": "works great as a (1: chromebook) but (1: chromebook)s are still very limited for android compatibility , at least this one is .",
        "original_tuples": "[['chromebook', 'LAPTOP#OPERATION_PERFORMANCE', 'positive'], ['chromebooks', 'LAPTOP#USABILITY', 'negative']]\n",
        "translated_sentence": "Funciona muy bien como una Chromebook, pero las Chromebook aún son muy limitadas en cuanto a compatibilidad con Android, al menos esta lo es.",
        "updated_tuples": "['Chromebook', 'LAPTOP#OPERATION_PERFORMANCE', 'positive'], ['chromebooks', 'LAPTOP#USABILITY', 'negative']"
    },
    {
        "line": 1223,
        "original_sentence": "it is an okay (1: laptop) and nothing more .",
        "original_tuples": "[['laptop', 'LAPTOP#GENERAL', 'neutral']]\n",
        "translated_sentence": "Es una laptop aceptable y nada más.",
        "updated_tuples": "['laptop', 'LAPTOP#GENERAL', 'neutral']"
    },
    {
        "line": 1241,
        "original_sentence": "the (2: keyboard) makes it easy to type notes quickly and write papers , and the backlit (2: keyboard) is a major plus .",
        "original_tuples": "[['keyboard', 'KEYBOARD#USABILITY', 'positive'], ['keyboard', 'KEYBOARD#USABILITY', 'positive'], ['backlit keyboard', 'KEYBOARD#DESIGN_FEATURES', 'positive']]\n",
        "translated_sentence": "El teclado hace que sea fácil escribir notas rápidamente y escribir documentos, y el teclado retroiluminado es una gran ventaja.",
        "updated_tuples": "['teclado', 'KEYBOARD#USABILITY', 'positive'], ['teclado', 'KEYBOARD#USABILITY', 'positive'], ['backlit keyboard', 'KEYBOARD#DESIGN_FEATURES', 'positive']"
    }
]