[
    {
        "line": 7,
        "original_sentence": "i purchased this (1: item) 7 months ago and i love it .",
        "aspect": "item"
    },
    {
        "line": 9,
        "original_sentence": "i ' ve had the (1: laptop) for a full day now and i can say it is quite impressive .",
        "aspect": "laptop"
    },
    {
        "line": 27,
        "original_sentence": "on the higher end for (3: chromebook) , but it looked really nice and had a good features and reviews , was in love with it until the (4: power) failed last november .",
        "aspect": "power"
    },
    {
        "line": 33,
        "original_sentence": "pros : nice size , clear (2: screen) , quick on start up , very functional and easy to use .",
        "aspect": "screen"
    },
    {
        "line": 51,
        "original_sentence": "now a few weeks later (1: monitor) has died again .",
        "aspect": "monitor"
    },
    {
        "line": 58,
        "original_sentence": "i will say , however , that the (1: screen) is kind of awful .",
        "aspect": "screen"
    },
    {
        "line": 59,
        "original_sentence": "the (2: acer) is similar but bigger and heavier .",
        "aspect": "acer"
    },
    {
        "line": 59,
        "original_sentence": "the (2: acer) is similar but bigger and heavier .",
        "aspect": "acer"
    },
    {
        "line": 71,
        "original_sentence": "as you can see , the (1: cable) is active , but the ` ` (2: power led) ` ` has never had any color .",
        "aspect": "cable"
    },
    {
        "line": 77,
        "original_sentence": "it ' s light and thin , and overall the (3: screen) is pretty good .",
        "aspect": "screen"
    },
    {
        "line": 83,
        "original_sentence": "best for : if you are looking for a travel (2: laptop) and are planning on doing light work this is an amazing buy for the price .",
        "aspect": "laptop"
    },
    {
        "line": 83,
        "original_sentence": "best for : if you are looking for a travel (2: laptop) and are planning on doing light work this is an amazing buy for the price .",
        "aspect": "laptop"
    },
    {
        "line": 92,
        "original_sentence": "i was a bit apprehensive at first will ordering such an expensive (2: item) online , but it was delivered in perfect new condition .",
        "aspect": "item"
    },
    {
        "line": 92,
        "original_sentence": "i was a bit apprehensive at first will ordering such an expensive (2: item) online , but it was delivered in perfect new condition .",
        "aspect": "item"
    },
    {
        "line": 103,
        "original_sentence": "- the (1: webcam) is a bad joke",
        "aspect": "webcam"
    },
    {
        "line": 105,
        "original_sentence": "overall , i ' m very happy i chose this (1: model) .",
        "aspect": "model"
    },
    {
        "line": 109,
        "original_sentence": "it has a very fast (1: 64gb ssd) and 4gb on (2: lpddr3 memory) .",
        "aspect": "64gb ssd"
    },
    {
        "line": 118,
        "original_sentence": "i love the feel of a lighter (1: os) and can do many tasks using google / web based apps .",
        "aspect": "os"
    },
    {
        "line": 128,
        "original_sentence": "edit : reinstalled the driver now the (1: audio) is better on earphones .",
        "aspect": "audio"
    },
    {
        "line": 144,
        "original_sentence": "the (2: m3) is great , never slow or laggy .",
        "aspect": "m3"
    },
    {
        "line": 144,
        "original_sentence": "the (2: m3) is great , never slow or laggy .",
        "aspect": "m3"
    },
    {
        "line": 146,
        "original_sentence": "one of the first things i noticed after firing up this (2: device) was how quiet and effortlessly it performs all tasks that i ask of it .",
        "aspect": "device"
    },
    {
        "line": 146,
        "original_sentence": "one of the first things i noticed after firing up this (2: device) was how quiet and effortlessly it performs all tasks that i ask of it .",
        "aspect": "device"
    },
    {
        "line": 150,
        "original_sentence": "it just is missing a lot of other features that i wanted in a (1: notebook)",
        "aspect": "notebook"
    },
    {
        "line": 151,
        "original_sentence": "the (1: playstore) its immature .",
        "aspect": "playstore"
    },
    {
        "line": 154,
        "original_sentence": "absolutly horrible (1: product) , cheap (2: components) make for unreliable (1: product)s , but when the nearest (4: service location) is 50 + miles away i wonder how much (5: apple) truly cares ?",
        "aspect": "products"
    },
    {
        "line": 158,
        "original_sentence": "i can ' t help but feel that people are also slightly exaggerating the performance offered by the (1: n3160) .",
        "aspect": "n3160"
    },
    {
        "line": 159,
        "original_sentence": "how can a brand new (1: computer) not charge properly ?",
        "aspect": "computer"
    },
    {
        "line": 163,
        "original_sentence": "- the (1: webcam) sucks but i don ' t care about that .",
        "aspect": "webcam"
    },
    {
        "line": 172,
        "original_sentence": "i would not recommend you buying this (1: laptop) , the (2: specs) are fine for the price , but the (3: hardware) is rubbish .",
        "aspect": "hardware"
    },
    {
        "line": 175,
        "original_sentence": "within two months , there were too many issues / bugs with the (1: os) .",
        "aspect": "os"
    },
    {
        "line": 177,
        "original_sentence": "(1: touch screen) and (2: zoom) is great .",
        "aspect": "zoom"
    },
    {
        "line": 187,
        "original_sentence": "the aluminum construction is every bit as nice as my 12 ` ` macbook , the (1: keyboard) is excellent and has better (2: travel / feedback) and the (3: trackpad) is the best i ' ve used on any asus portable .",
        "aspect": "trackpad"
    },
    {
        "line": 189,
        "original_sentence": "the new (1: retina) is amazing and the (2: speed) is awesome .",
        "aspect": "retina"
    },
    {
        "line": 193,
        "original_sentence": "if you do n ' t need a full blown (1: laptop) this is a good choice .",
        "aspect": "laptop"
    },
    {
        "line": 195,
        "original_sentence": "i also decided that despite the advantages of the (2: asus) , i can not live with the sharp edges and middling volume .",
        "aspect": "asus"
    },
    {
        "line": 195,
        "original_sentence": "i also decided that despite the advantages of the (2: asus) , i can not live with the sharp edges and middling volume .",
        "aspect": "asus"
    },
    {
        "line": 203,
        "original_sentence": "- excellent (1: cpu)",
        "aspect": "cpu"
    },
    {
        "line": 207,
        "original_sentence": "i only use the (1: chormebook) for surving the internet , checking my email , and watch hulu or netflix .",
        "aspect": "chormebook"
    },
    {
        "line": 228,
        "original_sentence": "i have also noticed the (1: pro) seems to run hotter and have a noticeably shorter (2: battery life) .",
        "aspect": "pro"
    },
    {
        "line": 236,
        "original_sentence": "the (2: laptop) is in great physical conditions , no scratches or anything , but certain actions run slowly , specifically any file read or write , like copying a document , uploading an image , creating a new file , etc .",
        "aspect": "laptop"
    },
    {
        "line": 236,
        "original_sentence": "the (2: laptop) is in great physical conditions , no scratches or anything , but certain actions run slowly , specifically any file read or write , like copying a document , uploading an image , creating a new file , etc .",
        "aspect": "laptop"
    },
    {
        "line": 239,
        "original_sentence": "the (1: mousepad) is functional but really doesnt get in the way .",
        "aspect": "mousepad"
    },
    {
        "line": 241,
        "original_sentence": "(3: trackpad) is nice and quiet and responsive .",
        "aspect": "trackpad"
    },
    {
        "line": 241,
        "original_sentence": "(3: trackpad) is nice and quiet and responsive .",
        "aspect": "trackpad"
    },
    {
        "line": 241,
        "original_sentence": "(3: trackpad) is nice and quiet and responsive .",
        "aspect": "trackpad"
    },
    {
        "line": 245,
        "original_sentence": "(1: monitor) went out 35 days after receiving .",
        "aspect": "monitor"
    },
    {
        "line": 252,
        "original_sentence": "(1: samsung ' s warranty) process was not working properly for this device .",
        "aspect": "samsung ' s warranty"
    },
    {
        "line": 258,
        "original_sentence": "great price for a nice (2: laptop) .",
        "aspect": "laptop"
    },
    {
        "line": 258,
        "original_sentence": "great price for a nice (2: laptop) .",
        "aspect": "laptop"
    },
    {
        "line": 292,
        "original_sentence": "on the one i received , the (1: trackpad) is hard to press down and seems to rub against the palm rest casing .",
        "aspect": "trackpad"
    },
    {
        "line": 293,
        "original_sentence": "you have to ` ` increase contrast ` ` and ` ` reduce transparency ` ` in the accessibility options to make it perform ok , but with a (1: ui) that looks like s * * * .",
        "aspect": "ui"
    },
    {
        "line": 299,
        "original_sentence": "the (1: plastic) seems sturdy , the (2: keys) don ' t stick * , the (3: mousepad) feels pleasant .",
        "aspect": "mousepad"
    },
    {
        "line": 305,
        "original_sentence": "after 3 weeks using this (2: flip) , i am quite happy with its performance , design .",
        "aspect": "flip"
    },
    {
        "line": 305,
        "original_sentence": "after 3 weeks using this (2: flip) , i am quite happy with its performance , design .",
        "aspect": "flip"
    },
    {
        "line": 314,
        "original_sentence": "i ' m running it at 2500x1400 (2: resolution) extremely thin and lightweight .",
        "aspect": "resolution"
    },
    {
        "line": 314,
        "original_sentence": "i ' m running it at 2500x1400 (2: resolution) extremely thin and lightweight .",
        "aspect": "resolution"
    },
    {
        "line": 323,
        "original_sentence": "the (2: keyboard) is clicky , has decent amount of travel , and is backlit .",
        "aspect": "keyboard"
    },
    {
        "line": 323,
        "original_sentence": "the (2: keyboard) is clicky , has decent amount of travel , and is backlit .",
        "aspect": "keyboard"
    },
    {
        "line": 330,
        "original_sentence": "(1: asus) hit all the right notes on this one .",
        "aspect": "asus"
    },
    {
        "line": 344,
        "original_sentence": "1 , (1: bloatware) from hell and 2 , a very cheap crappy (3: 5400rpm hdd) .",
        "aspect": "bloatware"
    },
    {
        "line": 355,
        "original_sentence": "the (2: screen) is pleasantly satisfying with the touch (2: screen) and foldability .",
        "aspect": "screen"
    },
    {
        "line": 355,
        "original_sentence": "the (2: screen) is pleasantly satisfying with the touch (2: screen) and foldability .",
        "aspect": "screen"
    },
    {
        "line": 356,
        "original_sentence": "- the (3: aluminum build) is firm and solid without feeling cheap .",
        "aspect": "aluminum build"
    },
    {
        "line": 356,
        "original_sentence": "- the (3: aluminum build) is firm and solid without feeling cheap .",
        "aspect": "aluminum build"
    },
    {
        "line": 356,
        "original_sentence": "- the (3: aluminum build) is firm and solid without feeling cheap .",
        "aspect": "aluminum build"
    },
    {
        "line": 368,
        "original_sentence": "for $ 250 i can control my $ 3000 (1: pc) anywhere .",
        "aspect": "pc"
    },
    {
        "line": 370,
        "original_sentence": "the (1: hdd) sounds more like scraping on tin rather than fine steel .",
        "aspect": "hdd"
    },
    {
        "line": 376,
        "original_sentence": "(1: samsung) rma ' d the device to replace the screen .",
        "aspect": "samsung"
    },
    {
        "line": 382,
        "original_sentence": "for the price , it ' s a solid (1: laptop) .",
        "aspect": "laptop"
    },
    {
        "line": 390,
        "original_sentence": "however , the (1: bluetooth) is a nightmare .",
        "aspect": "bluetooth"
    },
    {
        "line": 397,
        "original_sentence": "the thing that made me return it was the (1: trackpad) .",
        "aspect": "trackpad"
    },
    {
        "line": 406,
        "original_sentence": "the (2: touchpad) is hard and clunky .",
        "aspect": "touchpad"
    },
    {
        "line": 406,
        "original_sentence": "the (2: touchpad) is hard and clunky .",
        "aspect": "touchpad"
    },
    {
        "line": 410,
        "original_sentence": "and apparently (1: amazon) is experiencing a supply shortage because my replacement isn ' t expected until sometime between jan 11th to feb 5th !",
        "aspect": "amazon"
    },
    {
        "line": 413,
        "original_sentence": "this is easily the best (1: trackpad) i have ever used .",
        "aspect": "trackpad"
    },
    {
        "line": 419,
        "original_sentence": "the (1: monitor) is good , and (2: graphic chip) is enough for my office work , internet browsing and video streaming , don ' t think about what game it can play , i won ' t expect intel (2: graphic chip) can do a lot , if you want a gaming laptop , find some model with independent (2: graphic chip) , if you want a cheap laptop but can play computer game , you should wake up from the dream .",
        "aspect": "monitor"
    },
    {
        "line": 421,
        "original_sentence": "(1: msi) should be ashamed at putting out (2: products) they know have issues with no intent of correcting the problem during the building and testing phase .",
        "aspect": "msi"
    },
    {
        "line": 424,
        "original_sentence": "it ' s lightweight , has a long (1: battery life) and although it ' s smaller than a standard laptop , the (3: keyboard) is easy to use .",
        "aspect": "battery life"
    },
    {
        "line": 424,
        "original_sentence": "it ' s lightweight , has a long (1: battery life) and although it ' s smaller than a standard laptop , the (3: keyboard) is easy to use .",
        "aspect": "keyboard"
    },
    {
        "line": 441,
        "original_sentence": "very disappointing , (1: samsung) !",
        "aspect": "samsung"
    },
    {
        "line": 444,
        "original_sentence": "in essence , if you want a gaming (1: pc) , this one will do the job .",
        "aspect": "pc"
    },
    {
        "line": 447,
        "original_sentence": "(2: trackbad) : it could be better but it ' s not bad 8 .",
        "aspect": "trackbad"
    },
    {
        "line": 447,
        "original_sentence": "(2: trackbad) : it could be better but it ' s not bad 8 .",
        "aspect": "trackbad"
    },
    {
        "line": 454,
        "original_sentence": "i loved the simplicity of chrome os while enjoying the (1: flip) aspect of being able to turn it into a reading tablet when i wanted to as well .",
        "aspect": "flip"
    },
    {
        "line": 456,
        "original_sentence": "horrible , purchased directly from google , dead (2: pixel) on arrival , note feature did not pick up (3: stylus) and (4: bluetooth) rarely worked .",
        "aspect": "bluetooth"
    },
    {
        "line": 458,
        "original_sentence": "what ' s not to like , it ' s an amazing (1: machine) .",
        "aspect": "machine"
    },
    {
        "line": 466,
        "original_sentence": "i really love the (1: laptop) !",
        "aspect": "laptop"
    },
    {
        "line": 468,
        "original_sentence": "the (1: screen) is nice .",
        "aspect": "screen"
    },
    {
        "line": 480,
        "original_sentence": "playing a movie couldn ' t even last the duration of the movie on the (1: battery) , again , disappointing .",
        "aspect": "battery"
    },
    {
        "line": 482,
        "original_sentence": "the (2: keyboard) is spacious , and has a nice tactile feel .",
        "aspect": "keyboard"
    },
    {
        "line": 482,
        "original_sentence": "the (2: keyboard) is spacious , and has a nice tactile feel .",
        "aspect": "keyboard"
    },
    {
        "line": 495,
        "original_sentence": "- love the (1: trackpad) .",
        "aspect": "trackpad"
    },
    {
        "line": 511,
        "original_sentence": "i just fear for the long term ruggedness of the (1: exterior) .",
        "aspect": "exterior"
    },
    {
        "line": 518,
        "original_sentence": "the (1: trackpad) was very glitchy .",
        "aspect": "trackpad"
    },
    {
        "line": 529,
        "original_sentence": "speaking of charges , it ' s so nice to be able to use (1: usb c) .",
        "aspect": "usb c"
    },
    {
        "line": 530,
        "original_sentence": "love love love this (3: laptop) !",
        "aspect": "laptop"
    },
    {
        "line": 530,
        "original_sentence": "love love love this (3: laptop) !",
        "aspect": "laptop"
    },
    {
        "line": 530,
        "original_sentence": "love love love this (3: laptop) !",
        "aspect": "laptop"
    },
    {
        "line": 552,
        "original_sentence": "the (1: trackpad) is the ultimate difference - maker for me .",
        "aspect": "trackpad"
    },
    {
        "line": 553,
        "original_sentence": "the (1: cable) functions just fine .",
        "aspect": "cable"
    },
    {
        "line": 563,
        "original_sentence": "the overall (2: unit) has a slim profile , and is light weight .",
        "aspect": "unit"
    },
    {
        "line": 563,
        "original_sentence": "the overall (2: unit) has a slim profile , and is light weight .",
        "aspect": "unit"
    },
    {
        "line": 568,
        "original_sentence": "the (1: asus c302) is , for me , the dream of that perfect asus tablet / keyboard combo made real .",
        "aspect": "asus c302"
    },
    {
        "line": 570,
        "original_sentence": "the (1: keyboard) is a delight with large , nearly flush , keys set to just the right level of resistance and sensitivity .",
        "aspect": "keyboard"
    },
    {
        "line": 573,
        "original_sentence": "as soon as i learned about (1: c302) , i decided top bought it .",
        "aspect": "c302"
    },
    {
        "line": 582,
        "original_sentence": "the (2: touchpad) is not the best , but it is not that terrible either .",
        "aspect": "touchpad"
    },
    {
        "line": 582,
        "original_sentence": "the (2: touchpad) is not the best , but it is not that terrible either .",
        "aspect": "touchpad"
    },
    {
        "line": 585,
        "original_sentence": "best (1: pc bang) for this level of buck .",
        "aspect": "pc bang"
    },
    {
        "line": 598,
        "original_sentence": "the shame of it is knowing it took me 15 minutes and $ 12 to fix it and (1: acer) wanted to rob me of $ 170 just to look at it .",
        "aspect": "acer"
    },
    {
        "line": 609,
        "original_sentence": "the (1: mac) works like a new one .",
        "aspect": "mac"
    },
    {
        "line": 611,
        "original_sentence": "the (1: screen) looks good despite some other reviews .",
        "aspect": "screen"
    },
    {
        "line": 615,
        "original_sentence": "it ' s a pretty good (1: laptop) .",
        "aspect": "laptop"
    },
    {
        "line": 616,
        "original_sentence": "so i went ahead and ordered the (1: c302ca) , and after a week of use there are no issues to report .",
        "aspect": "c302ca"
    },
    {
        "line": 619,
        "original_sentence": "the (1: vivobook f510ua) is a great (2: laptop) with fantastic (3: specs) .",
        "aspect": "vivobook f510ua"
    },
    {
        "line": 629,
        "original_sentence": "- the (1: screen) is great in all aspects .",
        "aspect": "screen"
    },
    {
        "line": 632,
        "original_sentence": "the (1: battery) lasts a solid 8 + hours unless you ' re playing games its more like 4 - 5 .",
        "aspect": "battery"
    },
    {
        "line": 634,
        "original_sentence": "at the time of this posting , this (1: model) was going only for 1800 for the 512gb with a dedicated video card .",
        "aspect": "model"
    },
    {
        "line": 651,
        "original_sentence": "the (2: laptop) is a little bigger than i had hoped and heavier than i expected it to feel .",
        "aspect": "laptop"
    },
    {
        "line": 651,
        "original_sentence": "the (2: laptop) is a little bigger than i had hoped and heavier than i expected it to feel .",
        "aspect": "laptop"
    },
    {
        "line": 662,
        "original_sentence": "this is a capable (1: chromebook) !",
        "aspect": "chromebook"
    },
    {
        "line": 663,
        "original_sentence": "the (1: bluetooth) on it drops connections on a regular basis and the (4: wifi) is slow , slow , slow to connect on a regular basis .",
        "aspect": "bluetooth"
    },
    {
        "line": 663,
        "original_sentence": "the (1: bluetooth) on it drops connections on a regular basis and the (4: wifi) is slow , slow , slow to connect on a regular basis .",
        "aspect": "wifi"
    },
    {
        "line": 663,
        "original_sentence": "the (1: bluetooth) on it drops connections on a regular basis and the (4: wifi) is slow , slow , slow to connect on a regular basis .",
        "aspect": "wifi"
    },
    {
        "line": 663,
        "original_sentence": "the (1: bluetooth) on it drops connections on a regular basis and the (4: wifi) is slow , slow , slow to connect on a regular basis .",
        "aspect": "wifi"
    },
    {
        "line": 668,
        "original_sentence": "now audio in and out are combined in just one (1: port) .",
        "aspect": "port"
    },
    {
        "line": 670,
        "original_sentence": "having had it for just over a month , i have to say i am thoroughly impressed by its versatility and how stable the (2: os) is .",
        "aspect": "os"
    },
    {
        "line": 670,
        "original_sentence": "having had it for just over a month , i have to say i am thoroughly impressed by its versatility and how stable the (2: os) is .",
        "aspect": "os"
    },
    {
        "line": 672,
        "original_sentence": "it ' s possible i got bad (1: hardware) by chance , but all of the issues being directly traceable to (2: drivers) suggests the issues were all driver - related .",
        "aspect": "hardware"
    },
    {
        "line": 678,
        "original_sentence": "but this (1: asus c302ca) has blown me away .",
        "aspect": "asus c302ca"
    },
    {
        "line": 690,
        "original_sentence": "further , the (1: msi dragon center () default software on the installation ) caused a blue screen which lead to me having to factory reset .",
        "aspect": "msi dragon center ("
    },
    {
        "line": 706,
        "original_sentence": "this (2: laptop) is the best for the price in my opinion .",
        "aspect": "laptop"
    },
    {
        "line": 706,
        "original_sentence": "this (2: laptop) is the best for the price in my opinion .",
        "aspect": "laptop"
    },
    {
        "line": 716,
        "original_sentence": "if your main priority is a long lasting (1: battery) this is n ' t for you .",
        "aspect": "battery"
    },
    {
        "line": 725,
        "original_sentence": "the (1: monitor) looks fantastic , but i still cant get over the fact that you are basically lied to aboit (2: memory availability) .",
        "aspect": "monitor"
    },
    {
        "line": 731,
        "original_sentence": "the (1: trackpad) is awful as are most acer (1: trackpad)s .",
        "aspect": "trackpad"
    },
    {
        "line": 731,
        "original_sentence": "the (1: trackpad) is awful as are most acer (1: trackpad)s .",
        "aspect": "acer trackpads"
    },
    {
        "line": 746,
        "original_sentence": "even with the 2 - in - 1 flip hinge , the device has a solid feel and there ' s very little wobble in the (1: screen) while typing .",
        "aspect": "screen"
    },
    {
        "line": 753,
        "original_sentence": "the (1: mbp) does not run as hot as my old white mb did .",
        "aspect": "mbp"
    },
    {
        "line": 760,
        "original_sentence": "i have had good luck with acer products but this (1: pc) was my 1st time i needed them for technical support .",
        "aspect": "pc"
    },
    {
        "line": 762,
        "original_sentence": "for $ 499 the (1: laptop) is a bargain , but you should only buy if you you plan to add an ssd in the near future .",
        "aspect": "laptop"
    },
    {
        "line": 765,
        "original_sentence": "so the (1: audio) can easily be muffled .",
        "aspect": "audio"
    },
    {
        "line": 776,
        "original_sentence": "this is my first (1: macbook pro) i ' m impress !",
        "aspect": "macbook pro"
    },
    {
        "line": 790,
        "original_sentence": "(1: samsung) has not been helpful in getting this fixed .",
        "aspect": "samsung"
    },
    {
        "line": 793,
        "original_sentence": "the (1: laptop) is the perfect size , it ' s not too heavy and it ' s slim .",
        "aspect": "laptop"
    },
    {
        "line": 794,
        "original_sentence": "the (2: monitor) is bright and colorful .",
        "aspect": "monitor"
    },
    {
        "line": 794,
        "original_sentence": "the (2: monitor) is bright and colorful .",
        "aspect": "monitor"
    },
    {
        "line": 796,
        "original_sentence": "the (1: battery) will last a full day or two so it ' s very good for a middle school student .",
        "aspect": "battery"
    },
    {
        "line": 802,
        "original_sentence": "with the windows 10 / directx 12 improvements , frostbite 3 games will do very well on this (1: machine) at 1050p graphics / medium / low with the new starwars game .",
        "aspect": "machine"
    },
    {
        "line": 806,
        "original_sentence": "the (1: screen) is great and the (2: unit) is fast .",
        "aspect": "screen"
    },
    {
        "line": 806,
        "original_sentence": "the (1: screen) is great and the (2: unit) is fast .",
        "aspect": "unit"
    },
    {
        "line": 817,
        "original_sentence": "the (1: 302) would be just about the perfect (2: chromebook) if it had smaller (3: bezels) , though .",
        "aspect": "302"
    },
    {
        "line": 824,
        "original_sentence": "has nice features for the price and nice (2: video) for streaming movies .",
        "aspect": "video"
    },
    {
        "line": 835,
        "original_sentence": "the (2: c302) is clean and feels solid .",
        "aspect": "c302"
    },
    {
        "line": 835,
        "original_sentence": "the (2: c302) is clean and feels solid .",
        "aspect": "c302"
    },
    {
        "line": 845,
        "original_sentence": "the (1: keyboard) gives a satisfying audible response to being used , and the (2: mouse) is nice .",
        "aspect": "mouse"
    },
    {
        "line": 853,
        "original_sentence": "i think the (1: mbp) ticks off more of the nice - to - have boxes for me than the xps13 overall .",
        "aspect": "mbp"
    },
    {
        "line": 854,
        "original_sentence": "i especially loved the high ( er ) resolution (1: display) , compared to most other chromebooks .",
        "aspect": "display"
    },
    {
        "line": 858,
        "original_sentence": "the (1: screen) is surprisingly poor .",
        "aspect": "screen"
    },
    {
        "line": 861,
        "original_sentence": "(1: android) is running flawlessly so far , barring one minor incident with sound on clash of clans ( which went away on reboot ) .",
        "aspect": "android"
    },
    {
        "line": 867,
        "original_sentence": "fast (1: delivery) , thanks to (2: amazon) .",
        "aspect": "amazon"
    },
    {
        "line": 890,
        "original_sentence": "also the (1: battery life) is great and lasts me an entire day ( i ' m usually on it all day too )",
        "aspect": "battery life"
    },
    {
        "line": 900,
        "original_sentence": "nice (1: chromebook) .",
        "aspect": "chromebook"
    },
    {
        "line": 903,
        "original_sentence": "(1: wifi) sketchy to nonexistent .",
        "aspect": "wifi"
    },
    {
        "line": 928,
        "original_sentence": "i should have known better : (1: msi) has boot issues , no way around it .",
        "aspect": "msi"
    },
    {
        "line": 949,
        "original_sentence": "this was the second (1: vivobook) in a row !",
        "aspect": "vivobook"
    },
    {
        "line": 951,
        "original_sentence": "liked (1: it) when (1: it) was working , but (1: it) ' s a paperweight now .",
        "aspect": "it"
    },
    {
        "line": 970,
        "original_sentence": "in seconds , even with an (2: hdd) it ' s still (1: starts up) in seconds .",
        "aspect": "hdd"
    },
    {
        "line": 982,
        "original_sentence": "i am able to write , look up facts on the internet , and it has a pretty good (1: battery life) .",
        "aspect": "battery life"
    },
    {
        "line": 985,
        "original_sentence": "the (1: trackpad) is mediocre in use .",
        "aspect": "trackpad"
    },
    {
        "line": 991,
        "original_sentence": "i like the (2: laptop) for it ' s (1: hardware) , and it ' s working properly .",
        "aspect": "hardware"
    },
    {
        "line": 994,
        "original_sentence": "the keyboard is great and the (1: mouse) hasn ' t given me the issues my old laptop gave me .",
        "aspect": "mouse"
    },
    {
        "line": 995,
        "original_sentence": "surprisingly fast for such a small (1: chrome book) .",
        "aspect": "chrome book"
    },
    {
        "line": 1000,
        "original_sentence": "i ' m thinking i got a (1: dud) , so i ' ll update this review once i can get it resolved hopefully with a replacement .",
        "aspect": "dud"
    },
    {
        "line": 1004,
        "original_sentence": "so again , the (1: battery) is surprisingly great .",
        "aspect": "battery"
    },
    {
        "line": 1007,
        "original_sentence": "so far , (1: netflix) has been the most useful for me .",
        "aspect": "netflix"
    },
    {
        "line": 1016,
        "original_sentence": "when i play a game , there is noise on the (1: screen) .",
        "aspect": "screen"
    },
    {
        "line": 1029,
        "original_sentence": "keeping the (1: msi software) is optional , a few of these are useful like (2: burnrecovery) to make a backup of your version of windows just in case anything happens .",
        "aspect": "burnrecovery"
    },
    {
        "line": 1040,
        "original_sentence": "also (1: audio) is pretty decent .",
        "aspect": "audio"
    },
    {
        "line": 1041,
        "original_sentence": "i am terribly disappointed with obviously a poor (2: qc) by samsung .",
        "aspect": "qc"
    },
    {
        "line": 1041,
        "original_sentence": "i am terribly disappointed with obviously a poor (2: qc) by samsung .",
        "aspect": "qc"
    },
    {
        "line": 1051,
        "original_sentence": "(1: mousepad) is a little wonky if you ' re not deliberate with your fingers , recommend using a mouse .",
        "aspect": "mousepad"
    },
    {
        "line": 1054,
        "original_sentence": "yet , compare with other flip - style of chromebooks , the (1: screen) is sufficient for me to do my code .",
        "aspect": "screen"
    },
    {
        "line": 1058,
        "original_sentence": "(1: chassis) could be studier and (2: keyboard) and (3: trackpad) very average and lack of (4: backlight) is a deal breaker for me .",
        "aspect": "trackpad"
    },
    {
        "line": 1067,
        "original_sentence": "8g is enough to do most daily activities , i use (1: nvidia geforce) now to play much higher end games like destiny 2 , r6 and what not .",
        "aspect": "nvidia geforce"
    },
    {
        "line": 1076,
        "original_sentence": "it is a great (1: laptop) !",
        "aspect": "laptop"
    },
    {
        "line": 1083,
        "original_sentence": "note : i bought a refurbished / ` ` damaged ` ` (1: model) from amazon and it ' s in absolutely flawless condition .",
        "aspect": "model"
    },
    {
        "line": 1098,
        "original_sentence": "i ' m still loving the * idea * of what the (2: c302) is supposed to be , but the execution is feeling more and more of a miss .",
        "aspect": "c302"
    },
    {
        "line": 1098,
        "original_sentence": "i ' m still loving the * idea * of what the (2: c302) is supposed to be , but the execution is feeling more and more of a miss .",
        "aspect": "c302"
    },
    {
        "line": 1101,
        "original_sentence": "(1: acer) put together a solid package .",
        "aspect": "acer"
    },
    {
        "line": 1114,
        "original_sentence": "in the beginning i felt a little weird about this (1: trackpad) .",
        "aspect": "trackpad"
    },
    {
        "line": 1117,
        "original_sentence": "but the (2: mac) looked and worked great .",
        "aspect": "mac"
    },
    {
        "line": 1117,
        "original_sentence": "but the (2: mac) looked and worked great .",
        "aspect": "mac"
    },
    {
        "line": 1130,
        "original_sentence": "i love the (1: airdrop) and receiving imessages on my mbp ( although it can cut into productivity if you ' re not careful ) .",
        "aspect": "airdrop"
    },
    {
        "line": 1131,
        "original_sentence": "setting it up is awkward because it ' s (1: chrome) .",
        "aspect": "chrome"
    },
    {
        "line": 1145,
        "original_sentence": "october 12 , 2017 - - started having trouble maintaining connection to (1: wifi) ( spectrum service ) , but usually after several loops re - entering password , connection would be re - established .",
        "aspect": "wifi"
    },
    {
        "line": 1148,
        "original_sentence": "d ) a bluetooth mouse - while this unarguably has one of the best (1: trackpads) in chromebook land , there are still times you just need the precision of a mouse .",
        "aspect": "trackpads"
    },
    {
        "line": 1154,
        "original_sentence": "i don ' t ask much of a (1: laptop) so i am happy with it .",
        "aspect": "laptop"
    },
    {
        "line": 1178,
        "original_sentence": "the (1: rig) works better than advertised .",
        "aspect": "rig"
    },
    {
        "line": 1182,
        "original_sentence": "i still love the (1: laptop) , i ' m just a bit disappointed by this and i hope it ' s the only issue i see .",
        "aspect": "laptop"
    },
    {
        "line": 1203,
        "original_sentence": "(1: tapping) it on either end is hit or miss .",
        "aspect": "tapping"
    },
    {
        "line": 1204,
        "original_sentence": "reserve your judgement until you ' ve updated the (1: software) entirely .",
        "aspect": "software"
    },
    {
        "line": 1209,
        "original_sentence": "the (3: color) of everything is so very much brighter and clearer it makes the extra cost is worth more for just that .",
        "aspect": "color"
    },
    {
        "line": 1209,
        "original_sentence": "the (3: color) of everything is so very much brighter and clearer it makes the extra cost is worth more for just that .",
        "aspect": "color"
    },
    {
        "line": 1209,
        "original_sentence": "the (3: color) of everything is so very much brighter and clearer it makes the extra cost is worth more for just that .",
        "aspect": "color"
    },
    {
        "line": 1211,
        "original_sentence": "works great as a (1: chromebook) but (1: chromebook)s are still very limited for android compatibility , at least this one is .",
        "aspect": "chromebooks"
    },
    {
        "line": 1216,
        "original_sentence": "stop working the (1: macbook pro)",
        "aspect": "macbook pro"
    },
    {
        "line": 1223,
        "original_sentence": "it is an okay (1: laptop) and nothing more .",
        "aspect": "laptop"
    },
    {
        "line": 1226,
        "original_sentence": "my second (1: asus chromebook) has died .",
        "aspect": "asus chromebook"
    },
    {
        "line": 1228,
        "original_sentence": "(1: acer) wants $ 170 to just look at it then add the repair cost on top of that .",
        "aspect": "acer"
    },
    {
        "line": 1239,
        "original_sentence": "daughter school uses (1: chrome) for everything .",
        "aspect": "chrome"
    },
    {
        "line": 1240,
        "original_sentence": "it ' s so much faster and the (2: mac os) is so much more secure .",
        "aspect": "mac os"
    },
    {
        "line": 1241,
        "original_sentence": "the (2: keyboard) makes it easy to type notes quickly and write papers , and the backlit (2: keyboard) is a major plus .",
        "aspect": "backlit keyboard"
    },
    {
        "line": 1243,
        "original_sentence": "we are happy to be selling her old one we bought just a few months ago , in replacement of this new (1: r11) !",
        "aspect": "r11"
    },
    {
        "line": 1245,
        "original_sentence": "(1: google) is amazing .",
        "aspect": "google"
    },
    {
        "line": 1262,
        "original_sentence": "not only did i get the laptop with a dented corner , the (1: screen) constantly flickers and cuts out on occasion , the entire laptop freezes for no discernible reason , and the (3: mouse) has completely stopped working twice .",
        "aspect": "mouse"
    }
]