[
    {
        "line": 16,
        "original_sentence": "it makes the entire (1: device) unusable .",
        "original_tuples": "[['device', 'LAPTOP#USABILITY', 'negative']]\n",
        "translated_sentence": "มันทำให้อุปกรณ์ทั้งหมดไม่สามารถใช้งานได้",
        "updated_tuples": "['device', 'LAPTOP#USABILITY', 'negative']"
    },
    {
        "line": 83,
        "original_sentence": "best for : if you are looking for a travel (2: laptop) and are planning on doing light work this is an amazing buy for the price .",
        "original_tuples": "[['laptop', 'LAPTOP#PORTABILITY', 'positive'], ['laptop', 'LAPTOP#PRICE', 'positive']]\n",
        "translated_sentence": "ดีที่สุดสำหรับ: หากคุณกำลังมองหาแล็ปท็อปสำหรับการเดินทาง (2 เครื่อง) และวางแผนที่จะทำงานเบาๆ นี่เป็นการซื้อที่คุ้มค่ามากเมื่อเทียบกับราคา",
        "updated_tuples": "['laptop', 'LAPTOP#PORTABILITY', 'positive'], ['laptop', 'LAPTOP#PRICE', 'positive']"
    },
    {
        "line": 85,
        "original_sentence": "the sound isn ' t great on both devices but they ' ll suffice ; at least the (1: asus speakers) are side - firing and not coming from the bottom like the pro .",
        "original_tuples": "[['asus speakers', 'MULTIMEDIA_DEVICES#DESIGN_FEATURES', 'positive']]\n",
        "translated_sentence": "แม้ว่าเสียงจะไม่ค่อยดีนักในทั้งสองอุปกรณ์ แต่ก็เพียงพอแล้ว อย่างน้อยลำโพง (1 ตัว) ก็ส่งเสียงออกด้านข้างและไม่ดังมาจากด้านล่างเหมือนรุ่น Pro",
        "updated_tuples": "['asus speakers', 'MULTIMEDIA_DEVICES#DESIGN_FEATURES', 'positive']"
    },
    {
        "line": 92,
        "original_sentence": "i was a bit apprehensive at first will ordering such an expensive (2: item) online , but it was delivered in perfect new condition .",
        "original_tuples": "[['item', 'LAPTOP#PRICE', 'negative'], ['item', 'SHIPPING#QUALITY', 'negative']]\n",
        "translated_sentence": "ตอนแรกฉันค่อนข้างกังวลว่าจะสั่งสินค้าราคาแพง (2 ชิ้น) ทางออนไลน์ได้อย่างไร แต่สินค้าถูกส่งมาในสภาพใหม่เอี่ยมสมบูรณ์แบบ",
        "updated_tuples": "['item', 'LAPTOP#PRICE', 'negative'], ['item', 'SHIPPING#QUALITY', 'negative']"
    },
    {
        "line": 116,
        "original_sentence": "that said : if you can deal with the short (1: battery life) , you ' re not going to find a better (2: machine) at this price .",
        "original_tuples": "[['battery life', 'BATTERY#GENERAL', 'negative'], ['machine', 'LAPTOP#PRICE', 'positive']]\n",
        "translated_sentence": "กล่าวคือ : หากคุณรับมือกับเครื่องที่อายุการใช้งานแบตเตอรี่สั้นได้ คุณจะไม่สามารถหาเครื่องอื่นที่ดีกว่านี้ เครื่อง ในราคาเท่านี้ได้",
        "updated_tuples": "['battery life', 'BATTERY#GENERAL', 'negative'], ['เครื่อง', 'LAPTOP#PRICE', 'positive']"
    },
    {
        "line": 146,
        "original_sentence": "one of the first things i noticed after firing up this (2: device) was how quiet and effortlessly it performs all tasks that i ask of it .",
        "original_tuples": "[['device', 'LAPTOP#OPERATION_PERFORMANCE', 'positive'], ['device', 'LAPTOP#OPERATION_PERFORMANCE', 'positive']]\n",
        "translated_sentence": "สิ่งแรกๆ อย่างหนึ่งที่ฉันสังเกตเห็นหลังจากเปิดเครื่อง (อุปกรณ์ 2:) นี้ คือ มันทำงานเงียบและราบรื่นอย่างง่ายดายตามที่สั่งทุกอย่าง",
        "updated_tuples": "['device', 'LAPTOP#OPERATION_PERFORMANCE', 'positive'], ['device', 'LAPTOP#OPERATION_PERFORMANCE', 'positive']"
    },
    {
        "line": 154,
        "original_sentence": "absolutly horrible (1: product) , cheap (2: components) make for unreliable (1: product)s , but when the nearest (4: service location) is 50 + miles away i wonder how much (5: apple) truly cares ?",
        "original_tuples": "[['product', 'LAPTOP#GENERAL', 'negative'], ['components', 'LAPTOP#PRICE', 'negative'], ['products', 'LAPTOP#QUALITY', 'negative'], ['service location', 'SUPPORT#GENERAL', 'negative'], ['apple', 'COMPANY#GENERAL', 'negative']]\n",
        "translated_sentence": "แย่มาก ผลิตภัณฑ์ ราคาถูก ส่วนประกอบ ทำให้ไม่น่าเชื่อถือ ผลิตภัณฑ์ แต่เมื่อ สถานที่ตั้งบริการ ที่ใกล้ที่สุดอยู่ห่างออกไปมากกว่า 50 ไมล์ ฉันสงสัยว่า Apple จะใส่ใจจริงๆ แค่ไหน",
        "updated_tuples": "['ผลิตภัณฑ์', 'LAPTOP#GENERAL', 'negative'], ['ส่วนประกอบ', 'LAPTOP#PRICE', 'negative'], ['products', 'LAPTOP#QUALITY', 'negative'], ['สถานที่ตั้งบริการ', 'SUPPORT#GENERAL', 'negative'], ['Apple', 'COMPANY#GENERAL', 'negative']"
    },
    {
        "line": 159,
        "original_sentence": "how can a brand new (1: computer) not charge properly ?",
        "original_tuples": "[['computer', 'LAPTOP#OPERATION_PERFORMANCE', 'negative']]\n",
        "translated_sentence": "คอมพิวเตอร์ใหม่ 1 เครื่อง ชาร์จไฟไม่เข้าได้อย่างไร ?",
        "updated_tuples": "['computer', 'LAPTOP#OPERATION_PERFORMANCE', 'negative']"
    },
    {
        "line": 188,
        "original_sentence": "- the (2: hard drive) is really slow and really loud .",
        "original_tuples": "[['hard drive', 'HARD_DISC#OPERATION_PERFORMANCE', 'negative'], ['hard drive', 'HARD_DISC#OPERATION_PERFORMANCE', 'negative']]\n",
        "translated_sentence": "- ฮาร์ดไดรฟ์ (2): ช้ามากและมีเสียงดังมาก",
        "updated_tuples": "['hard drive', 'HARD_DISC#OPERATION_PERFORMANCE', 'negative'], ['hard drive', 'HARD_DISC#OPERATION_PERFORMANCE', 'negative']"
    },
    {
        "line": 194,
        "original_sentence": "i purchased this (1: machine) on cyber monday for $ 375 ( $ 75 off the listing price at the time of this review ) and i think at that price point , it ' s well worth it .",
        "original_tuples": "[['machine', 'LAPTOP#QUALITY', 'positive']]\n",
        "translated_sentence": "ฉันซื้อเครื่องนี้ (1 เครื่อง) ในวันไซเบอร์มันเดย์ในราคา 375 เหรียญสหรัฐฯ (ลด 75 เหรียญสหรัฐฯ จากราคาที่ระบุไว้ในขณะที่เขียนรีวิวนี้) และฉันคิดว่าเมื่อพิจารณาจากราคาเท่านี้แล้วก็คุ้มค่าทีเดียว",
        "updated_tuples": "['machine', 'LAPTOP#QUALITY', 'positive']"
    },
    {
        "line": 220,
        "original_sentence": "i am not a techie , all i can say as user - this (1: chromebook) is fast , it lasts and weighs very little .",
        "original_tuples": "[['chromebook', 'LAPTOP#OPERATION_PERFORMANCE', 'positive']]\n",
        "translated_sentence": "ฉันไม่ใช่คนเก่งเรื่องเทคโนโลยี ฉันบอกได้เพียงว่าในฐานะผู้ใช้ Chromebook เครื่องนี้ (1) เร็ว ทนทาน และมีน้ำหนักเบามาก",
        "updated_tuples": "['chromebook', 'LAPTOP#OPERATION_PERFORMANCE', 'positive']"
    },
    {
        "line": 258,
        "original_sentence": "great price for a nice (2: laptop) .",
        "original_tuples": "[['laptop', 'LAPTOP#PRICE', 'positive'], ['laptop', 'LAPTOP#PRICE', 'positive']]\n",
        "translated_sentence": "ราคาสุดคุ้มสำหรับโน้ตบุ๊คดีๆ (2 เครื่อง)",
        "updated_tuples": "['laptop', 'LAPTOP#PRICE', 'positive'], ['laptop', 'LAPTOP#PRICE', 'positive']"
    },
    {
        "line": 261,
        "original_sentence": "the (1: base model) went up in price $ 400 , which excludes any performance benefits .",
        "original_tuples": "[['base model', 'LAPTOP#PRICE', 'negative']]\n",
        "translated_sentence": "(รุ่นพื้นฐาน 1 รุ่น) มีราคาเพิ่มขึ้น 400 เหรียญสหรัฐ ซึ่งไม่รวมคุณสมบัติต่างๆ",
        "updated_tuples": "['base model', 'LAPTOP#PRICE', 'negative']"
    },
    {
        "line": 276,
        "original_sentence": "it ' s a great (1: computer) .",
        "original_tuples": "[['computer', 'LAPTOP#GENERAL', 'positive']]\n",
        "translated_sentence": "มันเป็นคอมพิวเตอร์ที่ยอดเยี่ยมมาก",
        "updated_tuples": "['computer', 'LAPTOP#GENERAL', 'positive']"
    },
    {
        "line": 298,
        "original_sentence": "i have had this (1: computer) for almost a year now and i love it .",
        "original_tuples": "[['computer', 'LAPTOP#GENERAL', 'positive']]\n",
        "translated_sentence": "ฉันมีคอมพิวเตอร์เครื่องนี้มาเกือบปีหนึ่งแล้ว และฉันชอบมันมาก",
        "updated_tuples": "['computer', 'LAPTOP#GENERAL', 'positive']"
    },
    {
        "line": 314,
        "original_sentence": "i ' m running it at 2500x1400 (2: resolution) extremely thin and lightweight .",
        "original_tuples": "[['resolution', 'DISPLAY#DESIGN_FEATURES', 'positive'], ['resolution', 'DISPLAY#DESIGN_FEATURES', 'positive']]\n",
        "translated_sentence": "ฉันใช้งานที่ความละเอียด 2500x1400 (ความละเอียด 2) บางและเบามาก",
        "updated_tuples": "['resolution', 'DISPLAY#DESIGN_FEATURES', 'positive'], ['resolution', 'DISPLAY#DESIGN_FEATURES', 'positive']"
    },
    {
        "line": 329,
        "original_sentence": "the (2: speakers) get plenty loud , but they start to sound pretty bad when turned up a little past half volume .",
        "original_tuples": "[['speakers', 'MULTIMEDIA_DEVICES#OPERATION_PERFORMANCE', 'positive'], ['speakers', 'MULTIMEDIA_DEVICES#OPERATION_PERFORMANCE', 'negative']]\n",
        "translated_sentence": "ลำโพง (2 ตัว) เสียงดังมาก แต่จะเริ่มฟังดูไม่ดีเมื่อเพิ่มระดับเสียงเกินครึ่งหนึ่ง",
        "updated_tuples": "['speakers', 'MULTIMEDIA_DEVICES#OPERATION_PERFORMANCE', 'positive'], ['speakers', 'MULTIMEDIA_DEVICES#OPERATION_PERFORMANCE', 'negative']"
    },
    {
        "line": 360,
        "original_sentence": "i think this (1: msi product) will be a part of my business for a long time .",
        "original_tuples": "[['msi product', 'LAPTOP#GENERAL', 'positive']]\n",
        "translated_sentence": "ฉันคิดว่าผลิตภัณฑ์ MSI นี้จะเป็นส่วนหนึ่งของธุรกิจของฉันเป็นเวลานาน",
        "updated_tuples": "['msi product', 'LAPTOP#GENERAL', 'positive']"
    },
    {
        "line": 362,
        "original_sentence": "the (2: screen) is crisp and bright .",
        "original_tuples": "[['screen', 'DISPLAY#QUALITY', 'positive'], ['screen', 'DISPLAY#QUALITY', 'positive']]\n",
        "translated_sentence": "หน้าจอ (2) มีความคมชัดและสดใส",
        "updated_tuples": "['screen', 'DISPLAY#QUALITY', 'positive'], ['screen', 'DISPLAY#QUALITY', 'positive']"
    },
    {
        "line": 368,
        "original_sentence": "for $ 250 i can control my $ 3000 (1: pc) anywhere .",
        "original_tuples": "[['pc', 'LAPTOP#PORTABILITY', 'positive']]\n",
        "translated_sentence": "ด้วยราคา 250 เหรียญสหรัฐ ฉันสามารถควบคุมคอมพิวเตอร์ 3,000 เหรียญสหรัฐ (1 เครื่อง) ของฉันได้จากทุกที่",
        "updated_tuples": "['pc', 'LAPTOP#PORTABILITY', 'positive']"
    },
    {
        "line": 393,
        "original_sentence": "have not tried customer service so no comment , but this is a nice sub $ 400 (1: machine) .",
        "original_tuples": "[['machine', 'LAPTOP#PRICE', 'positive']]\n",
        "translated_sentence": "ยังไม่ได้ลองบริการลูกค้าเลยจึงไม่มีความเห็น แต่เครื่องนี้ถือว่าคุ้มราคาต่ำกว่า 400 ดอลลาร์ (1 เครื่อง)",
        "updated_tuples": "['machine', 'LAPTOP#PRICE', 'positive']"
    },
    {
        "line": 403,
        "original_sentence": "overall impression : this is a killer (2: laptop) for a killer deal !",
        "original_tuples": "[['laptop', 'LAPTOP#GENERAL', 'positive'], ['laptop', 'LAPTOP#PRICE', 'positive']]\n",
        "translated_sentence": "ความประทับใจโดยรวม: นี่เป็นแล็ปท็อปสุดเจ๋งในราคาที่คุ้มค่า!",
        "updated_tuples": "['laptop', 'LAPTOP#GENERAL', 'positive'], ['laptop', 'LAPTOP#PRICE', 'positive']"
    },
    {
        "line": 424,
        "original_sentence": "it ' s lightweight , has a long (1: battery life) and although it ' s smaller than a standard laptop , the (3: keyboard) is easy to use .",
        "original_tuples": "[['battery life', 'BATTERY#QUALITY', 'positive'], ['NULL', 'LAPTOP#DESIGN_FEATURES', 'neutral'], ['keyboard', 'KEYBOARD#GENERAL', 'positive']]\n",
        "translated_sentence": "มันมีน้ำหนักเบา มีอายุแบตเตอรี่ที่ยาวนาน และถึงแม้จะเล็กกว่าแล็ปท็อปมาตรฐาน แต่ คีย์บอร์ด ก็ใช้งานง่าย",
        "updated_tuples": "['battery life', 'BATTERY#QUALITY', 'positive'], ['NULL', 'LAPTOP#DESIGN_FEATURES', 'neutral'], ['คีย์บอร์ด', 'KEYBOARD#GENERAL', 'positive']"
    },
    {
        "line": 433,
        "original_sentence": "very good (1: build quality) , except for the (2: keyboard) apparently , (3: sound) was very big , very fast (4: boot times) and so much more .",
        "original_tuples": "[['build quality', 'LAPTOP#QUALITY', 'positive'], ['keyboard', 'KEYBOARD#QUALITY', 'negative'], ['sound', 'MULTIMEDIA_DEVICES#OPERATION_PERFORMANCE', 'positive'], ['boot times', 'OS#OPERATION_PERFORMANCE', 'positive']]\n",
        "translated_sentence": "ดีมาก คุณภาพการประกอบ ยกเว้น คีย์บอร์ด ที่ใหญ่โตมาก รวดเร็วมาก เวลาในการบูต และอื่นๆ อีกมากมาย",
        "updated_tuples": "['คุณภาพการประกอบ', 'LAPTOP#QUALITY', 'positive'], ['คีย์บอร์ด', 'KEYBOARD#QUALITY', 'negative'], ['sound', 'MULTIMEDIA_DEVICES#OPERATION_PERFORMANCE', 'positive'], ['เวลาในการบูต', 'OS#OPERATION_PERFORMANCE', 'positive']"
    },
    {
        "line": 455,
        "original_sentence": "10 months in my (1: battery) will no longer charge .",
        "original_tuples": "[['battery', 'BATTERY#OPERATION_PERFORMANCE', 'negative']]\n",
        "translated_sentence": "10 เดือนแล้วที่ (แบตเตอรี่ 1 ก้อน) ของฉันจะไม่ชาร์จอีกต่อไป",
        "updated_tuples": "['battery', 'BATTERY#OPERATION_PERFORMANCE', 'negative']"
    },
    {
        "line": 470,
        "original_sentence": "one of the two (2: usb ports) is defective , which is an enormous pain .",
        "original_tuples": "[['usb ports', 'PORTS#OPERATION_PERFORMANCE', 'negative'], ['usb ports', 'PORTS#OPERATION_PERFORMANCE', 'negative']]\n",
        "translated_sentence": "พอร์ต USB 1 ใน 2 (2 พอร์ต) ชำรุด ซึ่งเป็นปัญหาใหญ่",
        "updated_tuples": "['usb ports', 'PORTS#OPERATION_PERFORMANCE', 'negative'], ['usb ports', 'PORTS#OPERATION_PERFORMANCE', 'negative']"
    },
    {
        "line": 488,
        "original_sentence": "+ decent full (1: hd screen) ( might be the ' crappiest ' thing on it and it is still good for the price )",
        "original_tuples": "[['hd screen', 'DISPLAY#DESIGN_FEATURES', 'positive'], ['NULL', 'LAPTOP#PRICE', 'positive']]\n",
        "translated_sentence": "+ จอ Full HD ที่ดี (อาจเป็นสิ่งที่ \"ห่วย\" ที่สุด แต่ก็ยังคุ้มกับราคา)",
        "updated_tuples": "['hd screen', 'DISPLAY#DESIGN_FEATURES', 'positive'], ['NULL', 'LAPTOP#PRICE', 'positive']"
    },
    {
        "line": 516,
        "original_sentence": "happy i got a great (2: machine) for half the cost !",
        "original_tuples": "[['machine', 'LAPTOP#PRICE', 'positive'], ['machine', 'LAPTOP#PRICE', 'positive']]\n",
        "translated_sentence": "ดีใจที่ได้เครื่องดีๆ (2 เครื่อง) ในราคาครึ่งหนึ่ง!",
        "updated_tuples": "['machine', 'LAPTOP#PRICE', 'positive'], ['machine', 'LAPTOP#PRICE', 'positive']"
    },
    {
        "line": 636,
        "original_sentence": "the (1: unit) is whisper quiet and hasn ' t gotten hot no matter how hard i push it .",
        "original_tuples": "[['unit', 'LAPTOP#OPERATION_PERFORMANCE', 'positive']]\n",
        "translated_sentence": "(หน่วย 1:) เงียบมากและไม่ร้อนเลย ไม่ว่าฉันจะกดมันแรงแค่ไหนก็ตาม",
        "updated_tuples": "['unit', 'LAPTOP#OPERATION_PERFORMANCE', 'positive']"
    },
    {
        "line": 660,
        "original_sentence": "surprisingly to me , the (2: tablet form) has been better than expected for reading .",
        "original_tuples": "[['tablet form', 'LAPTOP#OPERATION_PERFORMANCE', 'positive'], ['tablet form', 'LAPTOP#OPERATION_PERFORMANCE', 'positive']]\n",
        "translated_sentence": "สำหรับฉันแล้ว น่าแปลกใจมากที่แท็บเล็ต (แบบ 2 เม็ด) มีประสิทธิภาพในการอ่านหนังสือดีเกินคาด",
        "updated_tuples": "['tablet form', 'LAPTOP#OPERATION_PERFORMANCE', 'positive'], ['tablet form', 'LAPTOP#OPERATION_PERFORMANCE', 'positive']"
    },
    {
        "line": 701,
        "original_sentence": "' what a bunch of whiners , ' i concluded about all the people who slammed the (1: keyboard) .",
        "original_tuples": "[['keyboard', 'KEYBOARD#GENERAL', 'negative']]\n",
        "translated_sentence": "'พวกคนขี้บ่นจริงๆ' ฉันสรุปเกี่ยวกับผู้คนที่มาโจมตีแป้นพิมพ์",
        "updated_tuples": "['keyboard', 'KEYBOARD#GENERAL', 'negative']"
    },
    {
        "line": 708,
        "original_sentence": "i went online and found that the 1 year (1: acer warranty) had already expired .",
        "original_tuples": "[['acer warranty', 'WARRANTY#GENERAL', 'neutral']]\n",
        "translated_sentence": "ฉันเข้าอินเทอร์เน็ตแล้วพบว่าระยะเวลา 1 ปี (ประกัน 1 ปีของ Acer) หมดอายุไปแล้ว",
        "updated_tuples": "['acer warranty', 'WARRANTY#GENERAL', 'neutral']"
    },
    {
        "line": 719,
        "original_sentence": "the (2: 4gb / 32gb version) is fast and smooth and has enough (3: storage space) for your work documents and e - books for ready access when no internet is available .",
        "original_tuples": "[['4gb / 32gb version', 'LAPTOP#OPERATION_PERFORMANCE', 'positive'], ['4gb / 32gb version', 'LAPTOP#OPERATION_PERFORMANCE', 'positive'], ['storage space', 'MEMORY#OPERATION_PERFORMANCE', 'positive']]\n",
        "translated_sentence": "(เวอร์ชัน 2: 4GB / 32GB) รวดเร็วและราบรื่น และมีพื้นที่เก็บข้อมูลเพียงพอสำหรับเอกสารงานและหนังสืออิเล็กทรอนิกส์ของคุณเพื่อเข้าถึงได้อย่างสะดวกเมื่อไม่มีอินเทอร์เน็ต",
        "updated_tuples": "['4gb / 32gb version', 'LAPTOP#OPERATION_PERFORMANCE', 'positive'], ['4gb / 32gb version', 'LAPTOP#OPERATION_PERFORMANCE', 'positive'], ['storage space', 'MEMORY#OPERATION_PERFORMANCE', 'positive']"
    },
    {
        "line": 721,
        "original_sentence": "i bought this (1: computer) a bit over two months ago for my son ' s college and after installing the windows update , it crashed !",
        "original_tuples": "[['computer', 'LAPTOP#OPERATION_PERFORMANCE', 'negative']]\n",
        "translated_sentence": "ฉันซื้อคอมพิวเตอร์เครื่องนี้มาประมาณสองเดือนเศษๆ สำหรับให้ลูกชายเรียนมหาวิทยาลัย และหลังจากติดตั้ง Windows Update ก็เกิดการขัดข้อง!",
        "updated_tuples": "['computer', 'LAPTOP#OPERATION_PERFORMANCE', 'negative']"
    },
    {
        "line": 731,
        "original_sentence": "the (1: trackpad) is awful as are most acer (1: trackpad)s .",
        "original_tuples": "[['trackpad', 'HARDWARE#OPERATION_PERFORMANCE', 'negative'], ['acer trackpads', 'HARDWARE#OPERATION_PERFORMANCE', 'negative']]\n",
        "translated_sentence": "แทร็กแพด ห่วยมากเช่นเดียวกับ แทร็กแพด ของ Acer ส่วนใหญ่",
        "updated_tuples": "['แทร็กแพด', 'HARDWARE#OPERATION_PERFORMANCE', 'negative'], ['acer trackpads', 'HARDWARE#OPERATION_PERFORMANCE', 'negative']"
    },
    {
        "line": 760,
        "original_sentence": "i have had good luck with acer products but this (1: pc) was my 1st time i needed them for technical support .",
        "original_tuples": "[['pc', 'LAPTOP#GENERAL', 'negative']]\n",
        "translated_sentence": "ฉันโชคดีกับผลิตภัณฑ์ของ Acer แต่นี่ (พีซี 1 เครื่อง) เป็นครั้งแรกที่ฉันต้องการการสนับสนุนด้านเทคนิคจากพวกเขา",
        "updated_tuples": "['pc', 'LAPTOP#GENERAL', 'negative']"
    },
    {
        "line": 770,
        "original_sentence": "in closing , if you are looking for a nice on the go (2: computer) or something to take to college , this is an excellent choice .",
        "original_tuples": "[['computer', 'LAPTOP#GENERAL', 'positive'], ['computer', 'LAPTOP#GENERAL', 'positive']]\n",
        "translated_sentence": "โดยสรุป หากคุณกำลังมองหาคอมพิวเตอร์ดีๆ สักเครื่อง หรืออะไรสักอย่างที่จะเอาไปใช้ตอนเรียนมหาวิทยาลัย นี่ก็เป็นตัวเลือกที่ยอดเยี่ยม",
        "updated_tuples": "['computer', 'LAPTOP#GENERAL', 'positive'], ['computer', 'LAPTOP#GENERAL', 'positive']"
    },
    {
        "line": 826,
        "original_sentence": "it would not start up after 2 months of purchase and then (2: re - set button) didn ' t work .",
        "original_tuples": "[['NULL', 'LAPTOP#GENERAL', 'negative'], ['re - set button', 'HARDWARE#GENERAL', 'negative']]\n",
        "translated_sentence": "มันจะไม่เริ่มต้นขึ้นหลังจากซื้อเป็นเวลา 2 เดือนและจากนั้น (ปุ่มรีเซ็ต 2 ครั้ง) ก็ไม่ทำงาน",
        "updated_tuples": "['NULL', 'LAPTOP#GENERAL', 'negative'], ['re - set button', 'HARDWARE#GENERAL', 'negative']"
    },
    {
        "line": 869,
        "original_sentence": "the (1: machine) looks amazing doesn ' t it !",
        "original_tuples": "[['machine', 'LAPTOP#GENERAL', 'positive']]\n",
        "translated_sentence": "(เครื่อง 1:) นี้ดูน่าทึ่งจริงๆ ใช่ไหม!",
        "updated_tuples": "['machine', 'LAPTOP#GENERAL', 'positive']"
    },
    {
        "line": 908,
        "original_sentence": "most of my (1: android apps) have worked well ( i have had minor issues with a couple ) .",
        "original_tuples": "[['android apps', 'SOFTWARE#OPERATION_PERFORMANCE', 'positive']]\n",
        "translated_sentence": "แอป Android ของฉันส่วนใหญ่ทำงานได้ดี (ฉันมีปัญหาเล็กน้อยกับบางแอป)",
        "updated_tuples": "['android apps', 'SOFTWARE#OPERATION_PERFORMANCE', 'positive']"
    },
    {
        "line": 962,
        "original_sentence": "certain (1: apps) ( especially flash based (1: apps) ) will get the machine very hot .",
        "original_tuples": "[['apps', 'SOFTWARE#OPERATION_PERFORMANCE', 'negative']]\n",
        "translated_sentence": "แอปบางตัว (โดยเฉพาะแอปแบบ Flash) จะทำให้เครื่องร้อนมาก",
        "updated_tuples": "['apps', 'SOFTWARE#OPERATION_PERFORMANCE', 'negative']"
    },
    {
        "line": 979,
        "original_sentence": "for the moment , please note - * * * this (1: product) no longer works with the google play store in stable or beta * * * and there is no communication about what we can expect , or when .",
        "original_tuples": "[['product', 'SOFTWARE#OPERATION_PERFORMANCE', 'negative']]\n",
        "translated_sentence": "ในขณะนี้ โปรดทราบ - * * * ผลิตภัณฑ์นี้ (1) ไม่สามารถใช้งานได้กับ Google Play Store ในเวอร์ชันเสถียรหรือเบต้าอีกต่อไป * * * และไม่มีการสื่อสารใดๆ เกี่ยวกับสิ่งที่เราจะคาดหวังได้ หรือเมื่อใด",
        "updated_tuples": "['product', 'SOFTWARE#OPERATION_PERFORMANCE', 'negative']"
    },
    {
        "line": 982,
        "original_sentence": "i am able to write , look up facts on the internet , and it has a pretty good (1: battery life) .",
        "original_tuples": "[['battery life', 'BATTERY#GENERAL', 'positive']]\n",
        "translated_sentence": "ฉันสามารถเขียน ค้นหาข้อเท็จจริงบนอินเทอร์เน็ต และมีอายุการใช้งานแบตเตอรี่ค่อนข้างดี",
        "updated_tuples": "['battery life', 'BATTERY#GENERAL', 'positive']"
    },
    {
        "line": 1003,
        "original_sentence": "overall , if you just need a (2: computer) to do basic software development , remote work , or browse the internet , it ' s perfectly fine .",
        "original_tuples": "[['computer', 'LAPTOP#GENERAL', 'positive'], ['computer', 'LAPTOP#GENERAL', 'positive']]\n",
        "translated_sentence": "โดยรวมแล้ว หากคุณต้องการเพียงแค่ (2 คอมพิวเตอร์) เพื่อใช้ในการพัฒนาซอฟต์แวร์ขั้นพื้นฐาน ทำงานจากระยะไกล หรือท่องอินเทอร์เน็ต ก็ไม่มีปัญหาเลย",
        "updated_tuples": "['computer', 'LAPTOP#GENERAL', 'positive'], ['computer', 'LAPTOP#GENERAL', 'positive']"
    },
    {
        "line": 1027,
        "original_sentence": "i don ' t know if i got a defective model or what , but something has gone wrong every time i boot up my (2: computer) .",
        "original_tuples": "[['computer', 'LAPTOP#QUALITY', 'negative'], ['computer', 'LAPTOP#QUALITY', 'negative']]\n",
        "translated_sentence": "ฉันไม่รู้ว่าฉันมีรุ่นที่มีข้อบกพร่องหรือเปล่า แต่มีบางอย่างผิดปกติทุกครั้งที่ฉันบูตเครื่อง (คอมพิวเตอร์ 2:)",
        "updated_tuples": "['computer', 'LAPTOP#QUALITY', 'negative'], ['computer', 'LAPTOP#QUALITY', 'negative']"
    },
    {
        "line": 1036,
        "original_sentence": "it is the nicest (1: chrome computer) i have ever owned .",
        "original_tuples": "[['chrome computer', 'LAPTOP#GENERAL', 'positive']]\n",
        "translated_sentence": "มันเป็นคอมพิวเตอร์ Chrome ที่สวยที่สุดที่ฉันเคยเป็นเจ้าของ",
        "updated_tuples": "['chrome computer', 'LAPTOP#GENERAL', 'positive']"
    },
    {
        "line": 1049,
        "original_sentence": "the issue is that i got a faulty (2: laptop) and that ' s why the negative review .",
        "original_tuples": "[['laptop', 'LAPTOP#QUALITY', 'negative'], ['laptop', 'LAPTOP#QUALITY', 'negative']]\n",
        "translated_sentence": "ปัญหาคือฉันซื้อแล็ปท็อปเครื่องหนึ่งที่มีตำหนิ (2 เครื่อง) และนั่นเป็นสาเหตุว่าทำไมถึงมีการวิจารณ์ในแง่ลบ",
        "updated_tuples": "['laptop', 'LAPTOP#QUALITY', 'negative'], ['laptop', 'LAPTOP#QUALITY', 'negative']"
    },
    {
        "line": 1073,
        "original_sentence": "(1: keyboard layout is) not the best , do not like that i have to press the function key to raise or lower the volume / brightness on the arrow keys .",
        "original_tuples": "[['keyboard layout is', 'KEYBOARD#DESIGN_FEATURES', 'neutral']]\n",
        "translated_sentence": "(1: รูปแบบแป้นพิมพ์ไม่ดีที่สุด ไม่ชอบที่ฉันต้องกดปุ่มฟังก์ชันเพื่อเพิ่มหรือลดระดับเสียง/ความสว่างบนปุ่มลูกศร",
        "updated_tuples": "['keyboard layout is', 'KEYBOARD#DESIGN_FEATURES', 'neutral']"
    },
    {
        "line": 1075,
        "original_sentence": "despite the minor case marks , i can heartily recommend this (2: chromebook) based on features , design , and operation .",
        "original_tuples": "[['chromebook', 'LAPTOP#DESIGN_FEATURES', 'positive'], ['chromebook', 'LAPTOP#OPERATION_PERFORMANCE', 'positive']]\n",
        "translated_sentence": "แม้ว่าจะมีรอยเคสเล็กน้อย แต่ฉันขอแนะนำ Chromebook รุ่นนี้ (2) อย่างยิ่ง โดยพิจารณาจากคุณสมบัติ การออกแบบ และการใช้งาน",
        "updated_tuples": "['chromebook', 'LAPTOP#DESIGN_FEATURES', 'positive'], ['chromebook', 'LAPTOP#OPERATION_PERFORMANCE', 'positive']"
    },
    {
        "line": 1100,
        "original_sentence": "i ' m beyond satisfied with this (2: chromebook) , it is stunning in every way .",
        "original_tuples": "[['chromebook', 'LAPTOP#GENERAL', 'positive'], ['chromebook', 'LAPTOP#GENERAL', 'positive']]\n",
        "translated_sentence": "ฉันพอใจมากกับ Chromebook 2 นี้ (2) มันยอดเยี่ยมทุกด้านเลย",
        "updated_tuples": "['chromebook', 'LAPTOP#GENERAL', 'positive'], ['chromebook', 'LAPTOP#GENERAL', 'positive']"
    },
    {
        "line": 1164,
        "original_sentence": "even though i was upset at first for receiving a lemon , the performance of the (2: working unit) far outweighs any cons .",
        "original_tuples": "[['NULL', 'LAPTOP#GENERAL', 'negative'], ['working unit', 'LAPTOP#OPERATION_PERFORMANCE', 'positive']]\n",
        "translated_sentence": "แม้ว่าในตอนแรกฉันจะรู้สึกเสียใจที่ได้รับของที่แย่ แต่ประสิทธิภาพของ (หน่วยทำงาน 2:) นั้นมีมากกว่าข้อเสียใดๆ มาก",
        "updated_tuples": "['NULL', 'LAPTOP#GENERAL', 'negative'], ['working unit', 'LAPTOP#OPERATION_PERFORMANCE', 'positive']"
    },
    {
        "line": 1187,
        "original_sentence": "the (1: screen) wasn ' t as clear or bright as i hoped .",
        "original_tuples": "[['screen', 'DISPLAY#DESIGN_FEATURES', 'negative']]\n",
        "translated_sentence": "หน้าจอ (1): ไม่ชัดหรือสว่างเท่าที่ฉันหวัง",
        "updated_tuples": "['screen', 'DISPLAY#DESIGN_FEATURES', 'negative']"
    },
    {
        "line": 1211,
        "original_sentence": "works great as a (1: chromebook) but (1: chromebook)s are still very limited for android compatibility , at least this one is .",
        "original_tuples": "[['chromebook', 'LAPTOP#OPERATION_PERFORMANCE', 'positive'], ['chromebooks', 'LAPTOP#USABILITY', 'negative']]\n",
        "translated_sentence": "ทำงานได้ดีในฐานะ chromebook แต่ chromebook ยังมีข้อจำกัดมากสำหรับความเข้ากันได้ของระบบปฏิบัติการ Android อย่างน้อยอันนี้ก็เป็น",
        "updated_tuples": "['chromebook', 'LAPTOP#OPERATION_PERFORMANCE', 'positive'], ['chromebooks', 'LAPTOP#USABILITY', 'negative']"
    },
    {
        "line": 1218,
        "original_sentence": "i opened the box after ordering on black friday , and the (1: machine) wouldn ' t charge .",
        "original_tuples": "[['machine', 'POWER_SUPPLY#OPERATION_PERFORMANCE', 'negative']]\n",
        "translated_sentence": "ฉันเปิดกล่องหลังจากสั่งซื้อในวัน Black Friday และ (เครื่อง 1:) ไม่ยอมชาร์จ",
        "updated_tuples": "['machine', 'POWER_SUPPLY#OPERATION_PERFORMANCE', 'negative']"
    },
    {
        "line": 1241,
        "original_sentence": "the (2: keyboard) makes it easy to type notes quickly and write papers , and the backlit (2: keyboard) is a major plus .",
        "original_tuples": "[['keyboard', 'KEYBOARD#USABILITY', 'positive'], ['keyboard', 'KEYBOARD#USABILITY', 'positive'], ['backlit keyboard', 'KEYBOARD#DESIGN_FEATURES', 'positive']]\n",
        "translated_sentence": "แป้นพิมพ์  ช่วยให้พิมพ์บันทึกและเขียนเอกสารได้อย่างง่ายดายและรวดเร็ว อีกทั้งแป้นพิมพ์  ที่มีไฟด้านหลังถือเป็นข้อดีอย่างยิ่ง",
        "updated_tuples": "['', 'KEYBOARD#USABILITY', 'positive'], ['', 'KEYBOARD#USABILITY', 'positive'], ['backlit keyboard', 'KEYBOARD#DESIGN_FEATURES', 'positive']"
    },
    {
        "line": 1244,
        "original_sentence": "the (2: chrome rdp app) also works well , connecting to my windows machines with good performance , and i can access files on my nas using network file shares after using the (3: chromebook) for the last couple of weeks , i ' d confidently recommend one for everything but gaming and special purpose applications .",
        "original_tuples": "[['chrome rdp app', 'SOFTWARE#OPERATION_PERFORMANCE', 'positive'], ['chrome rdp app', 'SOFTWARE#OPERATION_PERFORMANCE', 'positive'], ['chromebook', 'LAPTOP#MISCELLANEOUS', 'positive']]\n",
        "translated_sentence": "(แอป 2: Chrome RDP) ยังทำงานได้ดีอีกด้วย เชื่อมต่อกับเครื่อง Windows ของฉันได้อย่างมีประสิทธิภาพ และฉันสามารถเข้าถึงไฟล์ใน NAS โดยใช้การแชร์ไฟล์บนเครือข่ายได้ หลังจากใช้ Chromebook มาเป็นเวลาสองสามสัปดาห์ที่ผ่านมา ฉันขอแนะนำอย่างยิ่งให้ใช้ทุกอย่าง ยกเว้นการเล่นเกมและแอปพลิเคชันวัตถุประสงค์พิเศษ",
        "updated_tuples": "['chrome rdp app', 'SOFTWARE#OPERATION_PERFORMANCE', 'positive'], ['chrome rdp app', 'SOFTWARE#OPERATION_PERFORMANCE', 'positive'], ['Chromebook', 'LAPTOP#MISCELLANEOUS', 'positive']"
    }
]