[
    {
        "line": 20,
        "original_sentence": "if you are indifferent about the (1: screen) , do not buy this !",
        "original_tuples": "[['screen', 'LAPTOP#GENERAL', 'positive']]\n",
        "translated_sentence": "si vous êtes indifférent à l'écran (1), n'achetez pas ceci !",
        "updated_tuples": "['screen', 'LAPTOP#GENERAL', 'positive']"
    },
    {
        "line": 84,
        "original_sentence": "i have used this (1: computer) daily now for about 6 months , spending hours per day on it for an emt / paramedic class .",
        "original_tuples": "[['computer', 'LAPTOP#USABILITY', 'neutral']]\n",
        "translated_sentence": "j'utilise cet ordinateur (1) quotidiennement depuis environ 6 mois, y consacrant des heures par jour pour un cours d'EMT/paramédical.",
        "updated_tuples": "['computer', 'LAPTOP#USABILITY', 'neutral']"
    },
    {
        "line": 119,
        "original_sentence": "i mainly download movies over the (1: netflix app) and watch movies on the airplane and internet browsing in hotel rooms .",
        "original_tuples": "[['netflix app', 'SOFTWARE#GENERAL', 'neutral']]\n",
        "translated_sentence": "Je télécharge principalement des films via l'application Netflix (1) et je regarde des films dans l'avion et surfer sur Internet dans les chambres d'hôtel.",
        "updated_tuples": "['netflix app', 'SOFTWARE#GENERAL', 'neutral']"
    },
    {
        "line": 154,
        "original_sentence": "absolutly horrible (1: product) , cheap (2: components) make for unreliable (1: product)s , but when the nearest (4: service location) is 50 + miles away i wonder how much (5: apple) truly cares ?",
        "original_tuples": "[['product', 'LAPTOP#GENERAL', 'negative'], ['components', 'LAPTOP#PRICE', 'negative'], ['products', 'LAPTOP#QUALITY', 'negative'], ['service location', 'SUPPORT#GENERAL', 'negative'], ['apple', 'COMPANY#GENERAL', 'negative']]\n",
        "translated_sentence": "absolument horrible produit, bon marché composants rendent les (1 : produits) peu fiables, mais lorsque le centre de service le plus proche est à plus de 50 miles, je me demande à quel point Apple s'en soucie vraiment ?",
        "updated_tuples": "['produit', 'LAPTOP#GENERAL', 'negative'], ['composants', 'LAPTOP#PRICE', 'negative'], ['products', 'LAPTOP#QUALITY', 'negative'], ['centre de service', 'SUPPORT#GENERAL', 'negative'], ['Apple', 'COMPANY#GENERAL', 'negative']"
    },
    {
        "line": 171,
        "original_sentence": "the (1: computer) itself is as stated and i received at a price my husband and i were both happy with .",
        "original_tuples": "[['computer', 'LAPTOP#PRICE', 'positive']]\n",
        "translated_sentence": "l'ordinateur (1) lui-même est comme indiqué et je l'ai reçu à un prix dont mon mari et moi étions tous les deux satisfaits.",
        "updated_tuples": "['computer', 'LAPTOP#PRICE', 'positive']"
    },
    {
        "line": 298,
        "original_sentence": "i have had this (1: computer) for almost a year now and i love it .",
        "original_tuples": "[['computer', 'LAPTOP#GENERAL', 'positive']]\n",
        "translated_sentence": "j'ai cet ordinateur (1) depuis presque un an maintenant et je l'adore.",
        "updated_tuples": "['computer', 'LAPTOP#GENERAL', 'positive']"
    },
    {
        "line": 301,
        "original_sentence": "note : i haven ' t had any issues with the (1: touchscreen) at all .",
        "original_tuples": "[['touchscreen', 'DISPLAY#QUALITY', 'positive']]\n",
        "translated_sentence": "Remarque : je n'ai eu aucun problème avec l'écran tactile (1).",
        "updated_tuples": "['touchscreen', 'DISPLAY#QUALITY', 'positive']"
    },
    {
        "line": 314,
        "original_sentence": "i ' m running it at 2500x1400 (2: resolution) extremely thin and lightweight .",
        "original_tuples": "[['resolution', 'DISPLAY#DESIGN_FEATURES', 'positive'], ['resolution', 'DISPLAY#DESIGN_FEATURES', 'positive']]\n",
        "translated_sentence": "je l'exécute à 2500x1400 (résolution 2:) extrêmement fin et léger.",
        "updated_tuples": "['resolution', 'DISPLAY#DESIGN_FEATURES', 'positive'], ['resolution', 'DISPLAY#DESIGN_FEATURES', 'positive']"
    },
    {
        "line": 545,
        "original_sentence": "i predict based on tests performed by other users on youtube with battlefield 4 ( frostbyte 3 engine ) that this (1: machine) will perform well with the impending starwars battlefront ( also frostbyte 3 ) .",
        "original_tuples": "[['machine', 'LAPTOP#OPERATION_PERFORMANCE', 'positive']]\n",
        "translated_sentence": "je prédis, sur la base de tests effectués par d'autres utilisateurs sur YouTube avec Battlefield 4 (moteur Frostbyte 3), que cette (machine 1 :) fonctionnera bien avec le prochain Star Wars Battlefront (également Frostbyte 3).",
        "updated_tuples": "['machine', 'LAPTOP#OPERATION_PERFORMANCE', 'positive']"
    },
    {
        "line": 561,
        "original_sentence": "highly recommend , great value , use (4: computer) mainly for online business and is quick and easy to use",
        "original_tuples": "[['computer', 'LAPTOP#GENERAL', 'positive'], ['computer', 'LAPTOP#GENERAL', 'positive'], ['computer', 'LAPTOP#OPERATION_PERFORMANCE', 'positive'], ['computer', 'LAPTOP#USABILITY', 'positive']]\n",
        "translated_sentence": "je recommande vivement, excellent rapport qualité/prix, je l'utilise principalement pour les affaires en ligne et il est rapide et facile à utiliser",
        "updated_tuples": "['computer', 'LAPTOP#GENERAL', 'positive'], ['computer', 'LAPTOP#GENERAL', 'positive'], ['computer', 'LAPTOP#OPERATION_PERFORMANCE', 'positive'], ['computer', 'LAPTOP#USABILITY', 'positive']"
    },
    {
        "line": 660,
        "original_sentence": "surprisingly to me , the (2: tablet form) has been better than expected for reading .",
        "original_tuples": "[['tablet form', 'LAPTOP#OPERATION_PERFORMANCE', 'positive'], ['tablet form', 'LAPTOP#OPERATION_PERFORMANCE', 'positive']]\n",
        "translated_sentence": "à ma grande surprise, la (forme comprimé 2) s'est révélée meilleure que prévu pour la lecture.",
        "updated_tuples": "['tablet form', 'LAPTOP#OPERATION_PERFORMANCE', 'positive'], ['tablet form', 'LAPTOP#OPERATION_PERFORMANCE', 'positive']"
    },
    {
        "line": 668,
        "original_sentence": "now audio in and out are combined in just one (1: port) .",
        "original_tuples": "[['port', 'PORTS#DESIGN_FEATURES', 'negative']]\n",
        "translated_sentence": "désormais, l'entrée et la sortie audio sont combinées en un seul (port 1 :).",
        "updated_tuples": "['port', 'PORTS#DESIGN_FEATURES', 'negative']"
    },
    {
        "line": 731,
        "original_sentence": "the (1: trackpad) is awful as are most acer (1: trackpad)s .",
        "original_tuples": "[['trackpad', 'HARDWARE#OPERATION_PERFORMANCE', 'negative'], ['acer trackpads', 'HARDWARE#OPERATION_PERFORMANCE', 'negative']]\n",
        "translated_sentence": "le trackpad est horrible comme la plupart des trackpad d'acer.",
        "updated_tuples": "['trackpad', 'HARDWARE#OPERATION_PERFORMANCE', 'negative'], ['acer trackpads', 'HARDWARE#OPERATION_PERFORMANCE', 'negative']"
    },
    {
        "line": 815,
        "original_sentence": "while the (1: stock aluminum case) is darn solid enough , it can take scratches easily from things like keys or cable connectors tossed in a bag with it .",
        "original_tuples": "[['stock aluminum case', 'LAPTOP#QUALITY', 'positive']]\n",
        "translated_sentence": "bien que le (boîtier en aluminium d'origine) soit assez solide, il peut facilement subir des rayures causées par des objets tels que des clés ou des connecteurs de câbles jetés dans un sac avec lui.",
        "updated_tuples": "['stock aluminum case', 'LAPTOP#QUALITY', 'positive']"
    },
    {
        "line": 905,
        "original_sentence": "the (2: keyboard) is also one of the nicest most comfortable i have ever used .",
        "original_tuples": "[['keyboard', 'KEYBOARD#USABILITY', 'positive'], ['keyboard', 'KEYBOARD#USABILITY', 'positive']]\n",
        "translated_sentence": "le (clavier 2:) est également l'un des plus agréables et des plus confortables que j'ai jamais utilisé.",
        "updated_tuples": "['keyboard', 'KEYBOARD#USABILITY', 'positive'], ['keyboard', 'KEYBOARD#USABILITY', 'positive']"
    },
    {
        "line": 924,
        "original_sentence": "it has one serious flaw though which is that the (1: audio out) can not drive headphones ( or earbuds ) adequately .",
        "original_tuples": "[['audio out', 'MULTIMEDIA_DEVICES#OPERATION_PERFORMANCE', 'negative']]\n",
        "translated_sentence": "il présente cependant un défaut sérieux : la sortie audio (1) ne peut pas piloter correctement les écouteurs (ou les écouteurs intra-auriculaires).",
        "updated_tuples": "['audio out', 'MULTIMEDIA_DEVICES#OPERATION_PERFORMANCE', 'negative']"
    },
    {
        "line": 953,
        "original_sentence": "i had this (1: laptop) repaired within the first 6 months of owning it .",
        "original_tuples": "[['laptop', 'LAPTOP#GENERAL', 'negative']]\n",
        "translated_sentence": "j'ai fait réparer cet ordinateur portable (1) dans les 6 premiers mois suivant sa possession.",
        "updated_tuples": "['laptop', 'LAPTOP#GENERAL', 'negative']"
    },
    {
        "line": 1071,
        "original_sentence": "my use experience has been riddled with lag and jitteriness , although using the (1: touchscreen) for a moment sorts everything out .",
        "original_tuples": "[['touchscreen', 'HARDWARE#OPERATION_PERFORMANCE', 'positive']]\n",
        "translated_sentence": "mon expérience d'utilisation a été criblée de décalage et de nervosité, même si l'utilisation de l'écran tactile (1) pendant un moment résout tout.",
        "updated_tuples": "['touchscreen', 'HARDWARE#OPERATION_PERFORMANCE', 'positive']"
    },
    {
        "line": 1083,
        "original_sentence": "note : i bought a refurbished / ` ` damaged ` ` (1: model) from amazon and it ' s in absolutely flawless condition .",
        "original_tuples": "[['model', 'LAPTOP#GENERAL', 'positive']]\n",
        "translated_sentence": "remarque : j'ai acheté un modèle reconditionné / `` endommagé `` (modèle 1 :) sur Amazon et il est dans un état absolument impeccable.",
        "updated_tuples": "['model', 'LAPTOP#GENERAL', 'positive']"
    },
    {
        "line": 1103,
        "original_sentence": "the (1: touch screen) broke four months after i purchased it .",
        "original_tuples": "[['touch screen', 'DISPLAY#QUALITY', 'negative']]\n",
        "translated_sentence": "l'écran tactile (1) s'est cassé quatre mois après l'avoir acheté.",
        "updated_tuples": "['touch screen', 'DISPLAY#QUALITY', 'negative']"
    },
    {
        "line": 1119,
        "original_sentence": "for anyone wanting a small (1: footprint 1080p chromebook) , this one is hard to beat .",
        "original_tuples": "[['footprint 1080p chromebook', 'LAPTOP#GENERAL', 'positive']]\n",
        "translated_sentence": "pour tous ceux qui veulent un petit Chromebook (encombrement 1: 1080p), celui-ci est difficile à battre.",
        "updated_tuples": "['footprint 1080p chromebook', 'LAPTOP#GENERAL', 'positive']"
    },
    {
        "line": 1164,
        "original_sentence": "even though i was upset at first for receiving a lemon , the performance of the (2: working unit) far outweighs any cons .",
        "original_tuples": "[['NULL', 'LAPTOP#GENERAL', 'negative'], ['working unit', 'LAPTOP#OPERATION_PERFORMANCE', 'positive']]\n",
        "translated_sentence": "même si j'étais contrarié au début d'avoir reçu un citron, les performances de l'unité de travail (2) l'emportent largement sur les inconvénients.",
        "updated_tuples": "['NULL', 'LAPTOP#GENERAL', 'negative'], ['working unit', 'LAPTOP#OPERATION_PERFORMANCE', 'positive']"
    },
    {
        "line": 1196,
        "original_sentence": "horrible light bleed from the top edge of the (1: screen)",
        "original_tuples": "[['screen', 'DISPLAY#QUALITY', 'negative']]\n",
        "translated_sentence": "horrible fuite de lumière depuis le bord supérieur de l'écran (1)",
        "updated_tuples": "['screen', 'DISPLAY#QUALITY', 'negative']"
    },
    {
        "line": 1198,
        "original_sentence": "i have not fiddled around much with the (1: touchscreen) yet , but it seems very responsive .",
        "original_tuples": "[['touchscreen', 'DISPLAY#OPERATION_PERFORMANCE', 'positive']]\n",
        "translated_sentence": "je n'ai pas encore beaucoup joué avec l'écran tactile (1), mais il semble très réactif.",
        "updated_tuples": "['touchscreen', 'DISPLAY#OPERATION_PERFORMANCE', 'positive']"
    },
    {
        "line": 1211,
        "original_sentence": "works great as a (1: chromebook) but (1: chromebook)s are still very limited for android compatibility , at least this one is .",
        "original_tuples": "[['chromebook', 'LAPTOP#OPERATION_PERFORMANCE', 'positive'], ['chromebooks', 'LAPTOP#USABILITY', 'negative']]\n",
        "translated_sentence": "fonctionne très bien comme un Chromebook mais les Chromebook sont encore très limités pour la compatibilité Android, du moins celui-ci l'est.",
        "updated_tuples": "['Chromebook', 'LAPTOP#OPERATION_PERFORMANCE', 'positive'], ['chromebooks', 'LAPTOP#USABILITY', 'negative']"
    },
    {
        "line": 1241,
        "original_sentence": "the (2: keyboard) makes it easy to type notes quickly and write papers , and the backlit (2: keyboard) is a major plus .",
        "original_tuples": "[['keyboard', 'KEYBOARD#USABILITY', 'positive'], ['keyboard', 'KEYBOARD#USABILITY', 'positive'], ['backlit keyboard', 'KEYBOARD#DESIGN_FEATURES', 'positive']]\n",
        "translated_sentence": "le clavier permet de taper rapidement des notes et d'écrire des articles, et le clavier rétroéclairé est un atout majeur.",
        "updated_tuples": "['clavier', 'KEYBOARD#USABILITY', 'positive'], ['clavier', 'KEYBOARD#USABILITY', 'positive'], ['backlit keyboard', 'KEYBOARD#DESIGN_FEATURES', 'positive']"
    },
    {
        "line": 1262,
        "original_sentence": "not only did i get the laptop with a dented corner , the (1: screen) constantly flickers and cuts out on occasion , the entire laptop freezes for no discernible reason , and the (3: mouse) has completely stopped working twice .",
        "original_tuples": "[['screen', 'DISPLAY#OPERATION_PERFORMANCE', 'negative'], ['NULL', 'LAPTOP#OPERATION_PERFORMANCE', 'negative'], ['mouse', 'KEYBOARD#OPERATION_PERFORMANCE', 'negative']]\n",
        "translated_sentence": "non seulement j'ai reçu l'ordinateur portable avec un coin cabossé, l'écran (1) clignote constamment et se coupe de temps en temps, l'ordinateur portable entier se bloque sans raison apparente et la souris (3) a complètement cessé de fonctionner deux fois.",
        "updated_tuples": "['screen', 'DISPLAY#OPERATION_PERFORMANCE', 'negative'], ['NULL', 'LAPTOP#OPERATION_PERFORMANCE', 'negative'], ['mouse', 'KEYBOARD#OPERATION_PERFORMANCE', 'negative']"
    }
]