[
    {
        "line": 154,
        "original_sentence": "absolutly horrible (1: product) , cheap (2: components) make for unreliable (1: product)s , but when the nearest (4: service location) is 50 + miles away i wonder how much (5: apple) truly cares ?",
        "original_tuples": "[['product', 'LAPTOP#GENERAL', 'negative'], ['components', 'LAPTOP#PRICE', 'negative'], ['products', 'LAPTOP#QUALITY', 'negative'], ['service location', 'SUPPORT#GENERAL', 'negative'], ['apple', 'COMPANY#GENERAL', 'negative']]\n",
        "translated_sentence": "absolútne hrozné produkt, lacné komponenty sú nespoľahlivé produkt, ale keď je najbližší miesto servisu vzdialený 50 a viac míľ, zaujímalo by ma, ako veľmi na tom jablko záleží ?",
        "updated_tuples": "['produkt', 'LAPTOP#GENERAL', 'negative'], ['komponenty', 'LAPTOP#PRICE', 'negative'], ['products', 'LAPTOP#QUALITY', 'negative'], ['miesto servisu', 'SUPPORT#GENERAL', 'negative'], ['jablko', 'COMPANY#GENERAL', 'negative']"
    },
    {
        "line": 155,
        "original_sentence": "i bought mine this year february and the (1: laptop) is very awesome the (3: boot speed) is perfect and the gaming it ' s fine as well and yeah i can say it depends on what you want to use with your (1: laptop) but overall the (1: laptop) is fine the only problem is the (4: cooling fan) it is too loud but the (5: processor) the (6: ram) the (7: storage) it ' s fine",
        "original_tuples": "[['laptop', 'LAPTOP#GENERAL', 'positive'], ['NULL', 'LAPTOP#GENERAL', 'positive'], ['boot speed', 'OS#GENERAL', 'positive'], ['cooling fan', 'FANS&COOLING#OPERATION_PERFORMANCE', 'negative'], ['processor', 'CPU#GENERAL', 'positive'], ['ram', 'MEMORY#GENERAL', 'positive'], ['storage', 'HARD_DISC#GENERAL', 'positive']]\n",
        "translated_sentence": "Kúpil som si svoj tento rok vo februári a laptop je veľmi úžasný, rýchlosť zavádzania je perfektný a hranie je tiež v poriadku a áno, môžem povedať, že to závisí od toho, čo chcete používať s ( „ v pohode",
        "updated_tuples": "['laptop', 'LAPTOP#GENERAL', 'positive'], ['NULL', 'LAPTOP#GENERAL', 'positive'], ['rýchlosť zavádzania', 'OS#GENERAL', 'positive'], ['cooling fan', 'FANS&COOLING#OPERATION_PERFORMANCE', 'negative'], ['processor', 'CPU#GENERAL', 'positive'], ['ram', 'MEMORY#GENERAL', 'positive'], ['storage', 'HARD_DISC#GENERAL', 'positive']"
    },
    {
        "line": 488,
        "original_sentence": "+ decent full (1: hd screen) ( might be the ' crappiest ' thing on it and it is still good for the price )",
        "original_tuples": "[['hd screen', 'DISPLAY#DESIGN_FEATURES', 'positive'], ['NULL', 'LAPTOP#PRICE', 'positive']]\n",
        "translated_sentence": "+ slušná plná (obrazovka s rozlíšením 1: HD) (môže byť na nej „najhoršia“ vec a stále je dobrá za cenu)",
        "updated_tuples": "['hd screen', 'DISPLAY#DESIGN_FEATURES', 'positive'], ['NULL', 'LAPTOP#PRICE', 'positive']"
    },
    {
        "line": 630,
        "original_sentence": "the one drawback is that it uses more energy than most (1: apps) on the mbp ( especially word , not so much with excel or ppt ) , so i ' ve been using (2: google docs / drive) in safari ( (3: chrome) is also an energy hog ) if i ' m away from a power source and the task is light enough .",
        "original_tuples": "[['apps', 'SOFTWARE#OPERATION_PERFORMANCE', 'negative'], ['google docs / drive', 'SOFTWARE#GENERAL', 'neutral'], ['chrome', 'SOFTWARE#OPERATION_PERFORMANCE', 'negative']]\n",
        "translated_sentence": "jedinou nevýhodou je, že spotrebuje viac energie ako väčšina aplikácie na mbp (najmä word, nie toľko s excelom alebo ppt), takže som používal google docs / drive v safari ( ( 3: chróm) je tiež energetická sviňa), ak som ďaleko od zdroja energie a úloha je dostatočne ľahká.",
        "updated_tuples": "['aplikácie', 'SOFTWARE#OPERATION_PERFORMANCE', 'negative'], ['google docs / drive', 'SOFTWARE#GENERAL', 'neutral'], ['chrome', 'SOFTWARE#OPERATION_PERFORMANCE', 'negative']"
    },
    {
        "line": 731,
        "original_sentence": "the (1: trackpad) is awful as are most acer (1: trackpad)s .",
        "original_tuples": "[['trackpad', 'HARDWARE#OPERATION_PERFORMANCE', 'negative'], ['acer trackpads', 'HARDWARE#OPERATION_PERFORMANCE', 'negative']]\n",
        "translated_sentence": "trackpad je hrozný, rovnako ako väčšina acer trackpad.",
        "updated_tuples": "['trackpad', 'HARDWARE#OPERATION_PERFORMANCE', 'negative'], ['acer trackpads', 'HARDWARE#OPERATION_PERFORMANCE', 'negative']"
    },
    {
        "line": 1073,
        "original_sentence": "(1: keyboard layout is) not the best , do not like that i have to press the function key to raise or lower the volume / brightness on the arrow keys .",
        "original_tuples": "[['keyboard layout is', 'KEYBOARD#DESIGN_FEATURES', 'neutral']]\n",
        "translated_sentence": "(1: rozloženie klávesnice nie je najlepšie, nepáči sa mi, že musím stlačiť funkčné tlačidlo, aby som zvýšil alebo znížil hlasitosť/jas na klávesoch so šípkami.",
        "updated_tuples": "['keyboard layout is', 'KEYBOARD#DESIGN_FEATURES', 'neutral']"
    },
    {
        "line": 1211,
        "original_sentence": "works great as a (1: chromebook) but (1: chromebook)s are still very limited for android compatibility , at least this one is .",
        "original_tuples": "[['chromebook', 'LAPTOP#OPERATION_PERFORMANCE', 'positive'], ['chromebooks', 'LAPTOP#USABILITY', 'negative']]\n",
        "translated_sentence": "funguje skvele ako chromebook, ale chromebook sú stále veľmi obmedzené z hľadiska kompatibility so systémom Android, aspoň tento je .",
        "updated_tuples": "['chromebook', 'LAPTOP#OPERATION_PERFORMANCE', 'positive'], ['chromebooks', 'LAPTOP#USABILITY', 'negative']"
    },
    {
        "line": 1241,
        "original_sentence": "the (2: keyboard) makes it easy to type notes quickly and write papers , and the backlit (2: keyboard) is a major plus .",
        "original_tuples": "[['keyboard', 'KEYBOARD#USABILITY', 'positive'], ['keyboard', 'KEYBOARD#USABILITY', 'positive'], ['backlit keyboard', 'KEYBOARD#DESIGN_FEATURES', 'positive']]\n",
        "translated_sentence": "klávesnica uľahčuje rýchle písanie poznámok a písanie papierov a podsvietenie klávesnica je veľkým plusom.",
        "updated_tuples": "['klávesnica', 'KEYBOARD#USABILITY', 'positive'], ['klávesnica', 'KEYBOARD#USABILITY', 'positive'], ['backlit keyboard', 'KEYBOARD#DESIGN_FEATURES', 'positive']"
    }
]